"날짜","종가","오픈","고가","저가","변동 %"
"2022년 02월 10일","2.043","1.939","2.056","1.923","5.04%"
"2022년 02월 09일","1.945","1.954","1.958","1.909","-1.01%"
"2022년 02월 08일","1.965","1.921","1.970","1.921","2.37%"
"2022년 02월 07일","1.919","1.908","1.939","1.896","0.48%"
"2022년 02월 06일","1.910","1.918","1.918","1.910","-0.28%"
"2022년 02월 04일","1.916","1.834","1.936","1.809","4.34%"
"2022년 02월 03일","1.836","1.759","1.847","1.757","3.64%"
"2022년 02월 02일","1.771","1.798","1.811","1.743","-1.29%"
"2022년 02월 01일","1.795","1.787","1.820","1.739","0.61%"
"2022년 01월 31일","1.784","1.789","1.816","1.770","-0.39%"
"2022년 01월 30일","1.791","1.787","1.791","1.787","0.70%"
"2022년 01월 28일","1.778","1.808","1.854","1.771","-1.36%"
"2022년 01월 27일","1.803","1.851","1.862","1.782","-3.72%"
"2022년 01월 26일","1.873","1.778","1.880","1.765","5.44%"
"2022년 01월 25일","1.776","1.769","1.797","1.728","0.00%"
"2022년 01월 24일","1.776","1.772","1.785","1.707","0.20%"
"2022년 01월 23일","1.772","1.767","1.772","1.767","0.10%"
"2022년 01월 21일","1.770","1.791","1.801","1.733","-2.24%"
"2022년 01월 20일","1.811","1.863","1.870","1.804","-2.31%"
"2022년 01월 19일","1.854","1.873","1.902","1.822","-1.14%"
"2022년 01월 18일","1.875","1.807","1.881","1.807","3.67%"
"2022년 01월 17일","1.809","1.813","1.813","1.809","0.89%"
"2022년 01월 14일","1.793","1.720","1.795","1.706","5.43%"
"2022년 01월 13일","1.701","1.748","1.760","1.694","-2.92%"
"2022년 01월 12일","1.752","1.743","1.753","1.711","0.31%"
"2022년 01월 11일","1.746","1.769","1.785","1.737","-0.50%"
"2022년 01월 10일","1.755","1.767","1.808","1.750","-0.59%"
"2022년 01월 09일","1.765","1.765","1.765","1.765","0.00%"
"2022년 01월 07일","1.765","1.725","1.801","1.711","2.16%"
"2022년 01월 06일","1.728","1.700","1.753","1.686","1.66%"
"2022년 01월 05일","1.700","1.656","1.712","1.640","3.09%"
"2022년 01월 04일","1.649","1.617","1.686","1.614","0.75%"
"2022년 01월 03일","1.637","1.531","1.642","1.529","8.26%"
"2022년 01월 02일","1.512","1.512","1.512","1.512","0.00%"
"2021년 12월 31일","1.512","1.512","1.526","1.491","0.35%"
"2021년 12월 30일","1.507","1.551","1.553","1.501","-3.21%"
"2021년 12월 29일","1.556","1.477","1.560","1.470","4.87%"
"2021년 12월 28일","1.484","1.479","1.491","1.455","0.47%"
"2021년 12월 27일","1.477","1.486","1.498","1.476","-0.57%"
"2021년 12월 26일","1.486","1.489","1.489","1.486","-0.46%"
"2021년 12월 23일","1.493","1.457","1.501","1.452","2.71%"
"2021년 12월 22일","1.453","1.450","1.486","1.448","-0.93%"
"2021년 12월 21일","1.467","1.421","1.498","1.414","2.75%"
"2021년 12월 20일","1.428","1.375","1.429","1.353","3.70%"
"2021년 12월 19일","1.377","1.380","1.380","1.375","-2.17%"
"2021년 12월 17일","1.407","1.424","1.434","1.372","-1.19%"
"2021년 12월 16일","1.424","1.462","1.482","1.412","-2.34%"
"2021년 12월 15일","1.458","1.443","1.484","1.424","1.19%"
"2021년 12월 14일","1.441","1.426","1.472","1.419","1.92%"
"2021년 12월 13일","1.414","1.494","1.508","1.412","-5.25%"
"2021년 12월 12일","1.492","1.482","1.492","1.482","0.70%"
"2021년 12월 10일","1.482","1.501","1.520","1.451","-1.02%"
"2021년 12월 09일","1.497","1.521","1.535","1.472","-2.02%"
"2021년 12월 08일","1.528","1.472","1.537","1.427","3.12%"
"2021년 12월 07일","1.482","1.429","1.487","1.427","3.45%"
"2021년 12월 06일","1.433","1.378","1.443","1.370","3.80%"
"2021년 12월 05일","1.380","1.378","1.380","1.378","1.74%"
"2021년 12월 03일","1.356","1.431","1.472","1.335","-6.09%"
"2021년 12월 02일","1.444","1.421","1.466","1.409","2.89%"
"2021년 12월 01일","1.404","1.477","1.506","1.402","-3.61%"
"2021년 11월 30일","1.456","1.511","1.524","1.412","-3.06%"
"2021년 11월 29일","1.502","1.531","1.565","1.497","-1.89%"
"2021년 11월 28일","1.531","1.541","1.541","1.531","3.34%"
"2021년 11월 26일","1.482","1.598","1.601","1.473","-7.18%"
"2021년 11월 25일","1.596","1.601","1.603","1.596","-2.83%"
"2021년 11월 24일","1.643","1.665","1.693","1.627","-1.96%"
"2021년 11월 23일","1.676","1.624","1.684","1.615","2.65%"
"2021년 11월 22일","1.632","1.560","1.634","1.546","4.75%"
"2021년 11월 21일","1.558","1.560","1.560","1.558","0.67%"
"2021년 11월 19일","1.548","1.587","1.608","1.515","-2.48%"
"2021년 11월 18일","1.587","1.599","1.613","1.574","0.11%"
"2021년 11월 17일","1.585","1.644","1.649","1.584","-3.35%"
"2021년 11월 16일","1.640","1.618","1.646","1.594","1.38%"
"2021년 11월 15일","1.618","1.575","1.632","1.541","2.84%"
"2021년 11월 14일","1.573","1.570","1.573","1.570","0.22%"
"2021년 11월 12일","1.570","1.577","1.589","1.541","-0.54%"
"2021년 11월 11일","1.578","1.585","1.585","1.578","0.54%"
"2021년 11월 10일","1.570","1.463","1.592","1.454","9.07%"
"2021년 11월 09일","1.439","1.490","1.490","1.415","-3.61%"
"2021년 11월 08일","1.493","1.464","1.504","1.460","2.15%"
"2021년 11월 07일","1.462","1.460","1.462","1.460","0.48%"
"2021년 11월 05일","1.455","1.545","1.552","1.436","-4.90%"
"2021년 11월 04일","1.530","1.593","1.609","1.509","-4.60%"
"2021년 11월 03일","1.603","1.554","1.609","1.519","3.65%"
"2021년 11월 02일","1.547","1.568","1.573","1.528","-0.90%"
"2021년 11월 01일","1.561","1.575","1.605","1.554","-1.00%"
"2021년 10월 31일","1.577","1.575","1.577","1.573","1.01%"
"2021년 10월 29일","1.561","1.568","1.619","1.536","-1.10%"
"2021년 10월 28일","1.578","1.541","1.584","1.530","1.81%"
"2021년 10월 27일","1.550","1.617","1.634","1.520","-3.70%"
"2021년 10월 26일","1.610","1.636","1.654","1.609","-1.40%"
"2021년 10월 25일","1.633","1.648","1.673","1.620","-0.96%"
"2021년 10월 24일","1.648","1.647","1.650","1.647","0.65%"
"2021년 10월 22일","1.638","1.692","1.699","1.634","-3.43%"
"2021년 10월 21일","1.696","1.665","1.705","1.638","2.14%"
"2021년 10월 20일","1.660","1.658","1.673","1.620","1.19%"
"2021년 10월 19일","1.641","1.591","1.646","1.566","3.10%"
"2021년 10월 18일","1.591","1.589","1.627","1.576","0.12%"
"2021년 10월 17일","1.589","1.591","1.591","1.589","1.00%"
"2021년 10월 15일","1.574","1.519","1.579","1.518","3.81%"
"2021년 10월 14일","1.516","1.547","1.566","1.507","-1.69%"
"2021년 10월 13일","1.542","1.572","1.602","1.526","-1.88%"
"2021년 10월 12일","1.572","1.629","1.631","1.565","-3.44%"
"2021년 10월 11일","1.628","1.622","1.628","1.622","0.98%"
"2021년 10월 08일","1.612","1.585","1.617","1.558","2.25%"
"2021년 10월 07일","1.576","1.531","1.580","1.512","3.19%"
"2021년 10월 06일","1.528","1.536","1.573","1.508","0.00%"
"2021년 10월 05일","1.528","1.486","1.540","1.472","3.17%"
"2021년 10월 04일","1.481","1.460","1.508","1.453","1.42%"
"2021년 10월 03일","1.460","1.462","1.462","1.460","-0.35%"
"2021년 10월 01일","1.465","1.501","1.510","1.462","-1.84%"
"2021년 09월 30일","1.492","1.510","1.557","1.484","-2.04%"
"2021년 09월 29일","1.524","1.550","1.560","1.494","-1.46%"
"2021년 09월 28일","1.546","1.484","1.567","1.475","3.72%"
"2021년 09월 27일","1.491","1.465","1.516","1.442","1.78%"
"2021년 09월 26일","1.465","1.463","1.465","1.463","0.83%"
"2021년 09월 24일","1.453","1.428","1.466","1.405","1.21%"
"2021년 09월 23일","1.435","1.309","1.437","1.309","10.07%"
"2021년 09월 22일","1.304","1.316","1.345","1.296","-1.79%"
"2021년 09월 21일","1.328","1.311","1.346","1.304","1.17%"
"2021년 09월 20일","1.312","1.362","1.372","1.297","-3.73%"
"2021년 09월 19일","1.363","1.363","1.363","1.363","0.00%"
"2021년 09월 17일","1.363","1.339","1.385","1.326","2.04%"
"2021년 09월 16일","1.336","1.304","1.351","1.294","2.47%"
"2021년 09월 15일","1.304","1.287","1.321","1.260","1.58%"
"2021년 09월 14일","1.284","1.326","1.350","1.263","-3.19%"
"2021년 09월 13일","1.326","1.343","1.350","1.316","-1.13%"
"2021년 09월 12일","1.341","1.343","1.343","1.341","-0.13%"
"2021년 09월 10일","1.343","1.304","1.355","1.300","3.52%"
"2021년 09월 09일","1.297","1.338","1.346","1.287","-2.90%"
"2021년 09월 08일","1.336","1.368","1.377","1.327","-2.96%"
"2021년 09월 07일","1.377","1.336","1.385","1.336","3.05%"
"2021년 09월 06일","1.336","1.334","1.336","1.334","0.77%"
"2021년 09월 03일","1.326","1.292","1.336","1.267","3.15%"
"2021년 09월 02일","1.285","1.304","1.305","1.283","-1.04%"
"2021년 09월 01일","1.299","1.317","1.334","1.283","-0.64%"
"2021년 08월 31일","1.307","1.280","1.316","1.270","2.10%"
"2021년 08월 30일","1.280","1.307","1.316","1.278","-2.18%"
"2021년 08월 29일","1.309","1.310","1.310","1.309","-0.13%"
"2021년 08월 27일","1.310","1.347","1.359","1.300","-3.23%"
"2021년 08월 26일","1.354","1.344","1.375","1.332","0.38%"
"2021년 08월 25일","1.349","1.295","1.352","1.283","4.02%"
"2021년 08월 24일","1.297","1.257","1.299","1.257","3.48%"
"2021년 08월 23일","1.253","1.260","1.283","1.252","-0.53%"
"2021년 08월 22일","1.260","1.258","1.260","1.258","0.40%"
"2021년 08월 20일","1.255","1.243","1.267","1.227","0.94%"
"2021년 08월 19일","1.243","1.263","1.267","1.220","-1.33%"
"2021년 08월 18일","1.260","1.260","1.300","1.255","-0.53%"
"2021년 08월 17일","1.267","1.263","1.273","1.217","-0.13%"
"2021년 08월 16일","1.268","1.285","1.285","1.223","-1.17%"
"2021년 08월 15일","1.283","1.285","1.285","1.283","0.00%"
"2021년 08월 13일","1.283","1.357","1.364","1.280","-5.68%"
"2021년 08월 12일","1.361","1.345","1.379","1.334","1.89%"
"2021년 08월 11일","1.335","1.357","1.378","1.302","-1.38%"
"2021년 08월 10일","1.354","1.322","1.357","1.307","2.17%"
"2021년 08월 09일","1.325","1.297","1.331","1.268","1.54%"
"2021년 08월 06일","1.305","1.227","1.305","1.225","6.54%"
"2021년 08월 05일","1.225","1.190","1.229","1.169","3.80%"
"2021년 08월 04일","1.180","1.177","1.215","1.127","0.56%"
"2021년 08월 03일","1.174","1.181","1.200","1.154","-0.43%"
"2021년 08월 02일","1.179","1.237","1.245","1.151","-3.81%"
"2021년 07월 30일","1.226","1.263","1.264","1.224","-3.18%"
"2021년 07월 29일","1.266","1.239","1.284","1.231","2.28%"
"2021년 07월 28일","1.238","1.243","1.278","1.226","-0.14%"
"2021년 07월 27일","1.239","1.290","1.290","1.229","-4.26%"
"2021년 07월 26일","1.295","1.283","1.296","1.221","0.90%"
"2021년 07월 25일","1.283","1.280","1.283","1.280","0.13%"
"2021년 07월 23일","1.281","1.268","1.311","1.268","0.37%"
"2021년 07월 22일","1.277","1.288","1.317","1.233","-1.17%"
"2021년 07월 21일","1.292","1.227","1.303","1.194","5.72%"
"2021년 07월 20일","1.222","1.209","1.225","1.128","1.93%"
"2021년 07월 19일","1.199","1.270","1.290","1.174","-5.51%"
"2021년 07월 18일","1.269","1.299","1.299","1.267","-2.44%"
"2021년 07월 16일","1.300","1.302","1.336","1.292","0.00%"
"2021년 07월 15일","1.301","1.346","1.349","1.292","-3.60%"
"2021년 07월 14일","1.349","1.415","1.423","1.347","-4.87%"
"2021년 07월 13일","1.418","1.366","1.422","1.343","3.69%"
"2021년 07월 12일","1.368","1.361","1.376","1.326","0.36%"
"2021년 07월 11일","1.363","1.360","1.363","1.360","0.12%"
"2021년 07월 09일","1.361","1.306","1.363","1.306","5.15%"
"2021년 07월 08일","1.294","1.320","1.321","1.250","-2.15%"
"2021년 07월 07일","1.323","1.357","1.368","1.296","-2.12%"
"2021년 07월 06일","1.352","1.439","1.449","1.348","-5.86%"
"2021년 07월 05일","1.436","1.437","1.437","1.436","0.35%"
"2021년 07월 02일","1.431","1.468","1.471","1.426","-1.98%"
"2021년 07월 01일","1.459","1.470","1.485","1.454","-0.58%"
"2021년 06월 30일","1.468","1.477","1.485","1.438","-0.46%"
"2021년 06월 29일","1.475","1.483","1.510","1.471","-0.46%"
"2021년 06월 28일","1.482","1.528","1.534","1.471","-3.00%"
"2021년 06월 27일","1.528","1.522","1.528","1.522","0.22%"
"2021년 06월 25일","1.524","1.494","1.544","1.478","1.69%"
"2021년 06월 24일","1.499","1.485","1.505","1.477","0.91%"
"2021년 06월 23일","1.485","1.468","1.499","1.458","1.27%"
"2021년 06월 22일","1.467","1.494","1.509","1.462","-2.04%"
"2021년 06월 21일","1.497","1.440","1.497","1.354","3.86%"
"2021년 06월 20일","1.441","1.441","1.441","1.441","-0.12%"
"2021년 06월 18일","1.443","1.516","1.524","1.438","-4.48%"
"2021년 06월 17일","1.511","1.587","1.594","1.472","-4.41%"
"2021년 06월 16일","1.581","1.496","1.594","1.482","6.15%"
"2021년 06월 15일","1.489","1.494","1.513","1.480","-0.56%"
"2021년 06월 14일","1.497","1.462","1.502","1.455","2.53%"
"2021년 06월 13일","1.460","1.459","1.460","1.459","0.47%"
"2021년 06월 11일","1.454","1.442","1.472","1.428","1.16%"
"2021년 06월 10일","1.437","1.491","1.535","1.435","-3.72%"
"2021년 06월 09일","1.492","1.536","1.536","1.472","-2.97%"
"2021년 06월 08일","1.538","1.570","1.574","1.513","-1.95%"
"2021년 06월 07일","1.569","1.567","1.582","1.564","0.00%"
"2021년 06월 06일","1.569","1.565","1.569","1.565","0.76%"
"2021년 06월 04일","1.557","1.628","1.635","1.555","-4.20%"
"2021년 06월 03일","1.625","1.586","1.630","1.584","2.25%"
"2021년 06월 02일","1.589","1.613","1.622","1.587","-1.06%"
"2021년 06월 01일","1.606","1.608","1.639","1.605","-0.21%"
"2021년 05월 31일","1.610","1.608","1.610","1.608","1.83%"
"2021년 05월 28일","1.581","1.615","1.623","1.577","-1.59%"
"2021년 05월 27일","1.606","1.581","1.625","1.571","1.61%"
"2021년 05월 26일","1.581","1.564","1.582","1.552","1.31%"
"2021년 05월 25일","1.560","1.608","1.610","1.554","-2.65%"
"2021년 05월 24일","1.603","1.620","1.627","1.596","-1.05%"
"2021년 05월 23일","1.620","1.622","1.622","1.620","-0.21%"
"2021년 05월 21일","1.623","1.635","1.640","1.613","-0.31%"
"2021년 05월 20일","1.628","1.673","1.680","1.625","-2.85%"
"2021년 05월 19일","1.676","1.642","1.692","1.620","2.19%"
"2021년 05월 18일","1.640","1.647","1.657","1.628","-0.72%"
"2021년 05월 17일","1.652","1.635","1.652","1.605","1.14%"
"2021년 05월 16일","1.633","1.635","1.635","1.633","-0.10%"
"2021년 05월 14일","1.635","1.663","1.668","1.625","-1.44%"
"2021년 05월 13일","1.659","1.702","1.707","1.651","-2.03%"
"2021년 05월 12일","1.693","1.629","1.701","1.609","4.42%"
"2021년 05월 11일","1.622","1.602","1.631","1.586","1.12%"
"2021년 05월 10일","1.604","1.586","1.609","1.559","1.24%"
"2021년 05월 09일","1.584","1.579","1.584","1.579","0.34%"
"2021년 05월 07일","1.579","1.566","1.584","1.469","0.59%"
"2021년 05월 06일","1.570","1.580","1.591","1.557","-0.11%"
"2021년 05월 05일","1.571","1.592","1.626","1.568","-1.21%"
"2021년 05월 04일","1.591","1.605","1.624","1.557","-0.55%"
"2021년 05월 03일","1.599","1.631","1.655","1.578","-1.63%"
"2021년 05월 02일","1.626","1.626","1.626","1.626","0.00%"
"2021년 04월 30일","1.626","1.645","1.659","1.620","-0.95%"
"2021년 04월 29일","1.641","1.615","1.690","1.615","1.89%"
"2021년 04월 28일","1.611","1.620","1.661","1.608","-0.87%"
"2021년 04월 27일","1.625","1.570","1.630","1.570","3.62%"
"2021년 04월 26일","1.568","1.563","1.599","1.556","0.35%"
"2021년 04월 25일","1.563","1.563","1.563","1.563","0.22%"
"2021년 04월 23일","1.559","1.547","1.582","1.531","1.16%"
"2021년 04월 22일","1.542","1.554","1.587","1.531","-1.12%"
"2021년 04월 21일","1.559","1.564","1.586","1.554","-0.45%"
"2021년 04월 20일","1.566","1.598","1.633","1.557","-2.73%"
"2021년 04월 19일","1.610","1.578","1.617","1.552","2.02%"
"2021년 04월 18일","1.578","1.574","1.578","1.574","-0.77%"
"2021년 04월 16일","1.590","1.565","1.599","1.552","1.03%"
"2021년 04월 15일","1.574","1.641","1.646","1.528","-3.67%"
"2021년 04월 14일","1.634","1.615","1.650","1.611","0.88%"
"2021년 04월 13일","1.620","1.676","1.703","1.616","-2.97%"
"2021년 04월 12일","1.669","1.674","1.685","1.644","-0.31%"
"2021년 04월 11일","1.674","1.674","1.674","1.674","0.75%"
"2021년 04월 09일","1.662","1.633","1.687","1.621","2.20%"
"2021년 04월 08일","1.626","1.669","1.674","1.617","-3.16%"
"2021년 04월 07일","1.679","1.663","1.679","1.628","1.29%"
"2021년 04월 06일","1.658","1.700","1.716","1.653","-2.91%"
"2021년 04월 05일","1.707","1.705","1.745","1.700","0.12%"
"2021년 04월 04일","1.705","1.700","1.705","1.700","1.94%"
"2021년 04월 02일","1.673","1.670","1.729","1.667","0.00%"
"2021년 04월 01일","1.673","1.737","1.753","1.672","-4.04%"
"2021년 03월 31일","1.744","1.717","1.753","1.708","1.99%"
"2021년 03월 30일","1.710","1.713","1.776","1.706","-0.41%"
"2021년 03월 29일","1.717","1.672","1.728","1.635","2.67%"
"2021년 03월 28일","1.672","1.671","1.672","1.671","-0.11%"
"2021년 03월 26일","1.674","1.626","1.681","1.619","2.51%"
"2021년 03월 25일","1.633","1.612","1.642","1.591","1.21%"
"2021년 03월 24일","1.614","1.615","1.651","1.589","-0.53%"
"2021년 03월 23일","1.622","1.682","1.702","1.615","-4.27%"
"2021년 03월 22일","1.695","1.707","1.709","1.663","-0.71%"
"2021년 03월 21일","1.707","1.710","1.710","1.707","-1.34%"
"2021년 03월 19일","1.730","1.710","1.750","1.671","1.38%"
"2021년 03월 18일","1.706","1.660","1.754","1.629","3.66%"
"2021년 03월 17일","1.646","1.621","1.689","1.616","1.53%"
"2021년 03월 16일","1.621","1.602","1.628","1.585","0.88%"
"2021년 03월 15일","1.607","1.637","1.639","1.595","-1.81%"
"2021년 03월 14일","1.637","1.639","1.639","1.637","0.76%"
"2021년 03월 12일","1.625","1.541","1.642","1.532","5.83%"
"2021년 03월 11일","1.535","1.521","1.547","1.475","0.92%"
"2021년 03월 10일","1.521","1.525","1.566","1.506","-0.45%"
"2021년 03월 09일","1.528","1.589","1.594","1.523","-4.67%"
"2021년 03월 08일","1.603","1.597","1.613","1.575","0.23%"
"2021년 03월 07일","1.599","1.597","1.599","1.597","1.44%"
"2021년 03월 05일","1.577","1.566","1.625","1.535","1.25%"
"2021년 03월 04일","1.557","1.486","1.569","1.450","4.91%"
"2021년 03월 03일","1.484","1.402","1.498","1.398","6.15%"
"2021년 03월 02일","1.398","1.424","1.453","1.390","-1.92%"
"2021년 03월 01일","1.426","1.395","1.460","1.383","2.21%"
"2021년 02월 28일","1.395","1.415","1.415","1.395","-0.85%"
"2021년 02월 26일","1.407","1.529","1.558","1.381","-8.08%"
"2021년 02월 25일","1.530","1.379","1.614","1.374","11.52%"
"2021년 02월 24일","1.372","1.343","1.435","1.330","2.16%"
"2021년 02월 23일","1.343","1.369","1.389","1.342","-1.86%"
"2021년 02월 22일","1.369","1.363","1.394","1.326","0.51%"
"2021년 02월 21일","1.362","1.367","1.367","1.362","1.65%"
"2021년 02월 19일","1.340","1.292","1.363","1.282","3.27%"
"2021년 02월 18일","1.297","1.274","1.318","1.258","1.19%"
"2021년 02월 17일","1.282","1.329","1.333","1.269","-2.18%"
"2021년 02월 16일","1.311","1.250","1.317","1.223","4.85%"
"2021년 02월 15일","1.250","1.250","1.250","1.250","3.32%"
"2021년 02월 12일","1.210","1.163","1.213","1.150","3.87%"
"2021년 02월 11일","1.165","1.147","1.166","1.132","3.61%"
"2021년 02월 10일","1.124","1.164","1.176","1.122","-3.10%"
"2021년 02월 09일","1.160","1.164","1.172","1.140","-1.32%"
"2021년 02월 08일","1.176","1.172","1.200","1.150","0.15%"
"2021년 02월 07일","1.174","1.177","1.177","1.174","0.44%"
"2021년 02월 05일","1.169","1.138","1.188","1.129","2.90%"
"2021년 02월 04일","1.136","1.143","1.162","1.131","-0.29%"
"2021년 02월 03일","1.139","1.108","1.141","1.105","4.07%"
"2021년 02월 02일","1.095","1.083","1.118","1.074","1.44%"
"2021년 02월 01일","1.079","1.071","1.089","1.060","0.79%"
"2021년 01월 31일","1.071","1.069","1.072","1.069","0.00%"
"2021년 01월 29일","1.071","1.048","1.105","1.042","1.80%"
"2021년 01월 28일","1.052","1.023","1.072","0.996","3.85%"
"2021년 01월 27일","1.013","1.040","1.050","1.001","-1.97%"
"2021년 01월 26일","1.033","1.043","1.053","1.028","0.00%"
"2021년 01월 25일","1.033","1.096","1.103","1.030","-5.73%"
"2021년 01월 24일","1.096","1.097","1.097","1.096","0.94%"
"2021년 01월 22일","1.086","1.113","1.118","1.080","-2.14%"
"2021년 01월 21일","1.109","1.085","1.123","1.077","3.01%"
"2021년 01월 20일","1.077","1.100","1.107","1.075","-1.39%"
"2021년 01월 19일","1.092","1.102","1.121","1.087","-0.77%"
"2021년 01월 18일","1.100","1.099","1.100","1.099","1.25%"
"2021년 01월 15일","1.087","1.128","1.128","1.084","-3.75%"
"2021년 01월 14일","1.129","1.085","1.138","1.075","3.44%"
"2021년 01월 13일","1.092","1.117","1.134","1.071","-3.31%"
"2021년 01월 12일","1.129","1.146","1.187","1.129","-1.33%"
"2021년 01월 11일","1.144","1.107","1.148","1.097","2.29%"
"2021년 01월 10일","1.119","1.119","1.119","1.119","0.00%"
"2021년 01월 08일","1.119","1.079","1.125","1.075","3.47%"
"2021년 01월 07일","1.081","1.037","1.088","1.029","4.07%"
"2021년 01월 06일","1.039","0.950","1.054","0.945","8.80%"
"2021년 01월 05일","0.955","0.922","0.963","0.916","4.00%"
"2021년 01월 04일","0.918","0.930","0.953","0.906","-1.25%"
"2021년 01월 03일","0.930","0.932","0.932","0.930","1.45%"
"2020년 12월 31일","0.916","0.927","0.937","0.911","-1.07%"
"2020년 12월 30일","0.926","0.935","0.956","0.923","-1.42%"
"2020년 12월 29일","0.940","0.936","0.951","0.928","1.80%"
"2020년 12월 28일","0.923","0.940","0.963","0.923","-1.59%"
"2020년 12월 27일","0.938","0.936","0.938","0.936","1.25%"
"2020년 12월 24일","0.926","0.951","0.955","0.921","-1.93%"
"2020년 12월 23일","0.945","0.918","0.973","0.903","2.53%"
"2020년 12월 22일","0.921","0.935","0.940","0.915","-1.77%"
"2020년 12월 21일","0.938","0.938","0.948","0.882","0.00%"
"2020년 12월 20일","0.938","0.936","0.938","0.936","-0.71%"
"2020년 12월 18일","0.945","0.931","0.951","0.915","1.07%"
"2020년 12월 17일","0.935","0.920","0.945","0.891","1.63%"
"2020년 12월 16일","0.920","0.911","0.955","0.901","0.91%"
"2020년 12월 15일","0.911","0.898","0.925","0.885","1.47%"
"2020년 12월 14일","0.898","0.911","0.939","0.888","-1.28%"
"2020년 12월 13일","0.910","0.908","0.910","0.908","1.48%"
"2020년 12월 11일","0.896","0.910","0.915","0.873","-1.09%"
"2020년 12월 10일","0.906","0.926","0.941","0.905","-3.35%"
"2020년 12월 09일","0.938","0.931","0.959","0.924","1.79%"
"2020년 12월 08일","0.921","0.928","0.941","0.893","-0.71%"
"2020년 12월 07일","0.928","0.974","0.974","0.924","-4.60%"
"2020년 12월 04일","0.973","0.910","0.986","0.901","6.73%"
"2020년 12월 03일","0.911","0.936","0.946","0.901","-2.82%"
"2020년 12월 02일","0.938","0.923","0.966","0.911","0.89%"
"2020년 12월 01일","0.929","0.847","0.938","0.834","10.34%"
"2020년 11월 30일","0.842","0.845","0.860","0.831","-0.19%"
"2020년 11월 29일","0.844","0.845","0.845","0.844","0.19%"
"2020년 11월 27일","0.842","0.859","0.868","0.839","-1.91%"
"2020년 11월 26일","0.859","0.855","0.859","0.855","-2.61%"
"2020년 11월 25일","0.882","0.887","0.900","0.855","-0.36%"
"2020년 11월 24일","0.885","0.872","0.888","0.854","3.05%"
"2020년 11월 23일","0.859","0.832","0.862","0.826","4.16%"
"2020년 11월 22일","0.824","0.824","0.824","0.824","0.00%"
"2020년 11월 20일","0.824","0.820","0.850","0.818","-2.14%"
"2020년 11월 19일","0.842","0.860","0.867","0.831","-3.20%"
"2020년 11월 18일","0.870","0.862","0.893","0.836","0.95%"
"2020년 11월 17일","0.862","0.905","0.916","0.859","-5.40%"
"2020년 11월 16일","0.911","0.900","0.931","0.873","1.10%"
"2020년 11월 15일","0.901","0.901","0.901","0.901","0.37%"
"2020년 11월 13일","0.898","0.885","0.901","0.864","1.66%"
"2020년 11월 12일","0.883","0.952","0.964","0.878","-9.59%"
"2020년 11월 11일","0.977","0.977","0.977","0.977","1.81%"
"2020년 11월 10일","0.960","0.927","0.973","0.908","3.90%"
"2020년 11월 09일","0.924","0.830","0.975","0.798","11.22%"
"2020년 11월 08일","0.830","0.834","0.834","0.830","1.24%"
"2020년 11월 06일","0.820","0.763","0.837","0.758","7.02%"
"2020년 11월 05일","0.766","0.756","0.790","0.718","-0.65%"
"2020년 11월 04일","0.771","0.928","0.945","0.756","-13.91%"
"2020년 11월 03일","0.896","0.852","0.901","0.852","5.18%"
"2020년 11월 02일","0.852","0.855","0.874","0.828","-0.78%"
"2020년 11월 01일","0.859","0.855","0.859","0.855","-1.74%"
"2020년 10월 30일","0.874","0.831","0.877","0.805","5.09%"
"2020년 10월 29일","0.831","0.779","0.841","0.769","7.37%"
"2020년 10월 28일","0.774","0.766","0.784","0.746","0.44%"
"2020년 10월 27일","0.771","0.794","0.809","0.768","-3.96%"
"2020년 10월 26일","0.803","0.828","0.831","0.791","-4.59%"
"2020년 10월 23일","0.841","0.858","0.872","0.831","-2.32%"
"2020년 10월 22일","0.861","0.814","0.870","0.804","4.92%"
"2020년 10월 21일","0.821","0.799","0.836","0.797","4.48%"
"2020년 10월 20일","0.786","0.769","0.801","0.764","1.74%"
"2020년 10월 19일","0.772","0.759","0.781","0.754","1.54%"
"2020년 10월 18일","0.761","0.762","0.762","0.761","1.56%"
"2020년 10월 16일","0.749","0.736","0.757","0.721","1.35%"
"2020년 10월 15일","0.739","0.724","0.740","0.691","1.61%"
"2020년 10월 14일","0.727","0.730","0.735","0.709","-0.23%"
"2020년 10월 13일","0.729","0.760","0.769","0.726","-4.56%"
"2020년 10월 12일","0.764","0.764","0.764","0.764","-1.93%"
"2020년 10월 09일","0.779","0.777","0.799","0.760","0.00%"
"2020년 10월 08일","0.779","0.780","0.787","0.762","-0.64%"
"2020년 10월 07일","0.784","0.740","0.797","0.739","6.80%"
"2020년 10월 06일","0.734","0.775","0.792","0.727","-5.76%"
"2020년 10월 05일","0.778","0.710","0.783","0.699","10.33%"
"2020년 10월 04일","0.706","0.709","0.709","0.706","0.24%"
"2020년 10월 02일","0.704","0.682","0.706","0.653","3.64%"
"2020년 10월 01일","0.679","0.689","0.720","0.669","-0.96%"
"2020년 09월 30일","0.686","0.651","0.704","0.641","5.30%"
"2020년 09월 29일","0.651","0.658","0.663","0.641","-0.99%"
"2020년 09월 28일","0.658","0.658","0.674","0.654","0.00%"
"2020년 09월 27일","0.658","0.656","0.658","0.656","0.24%"
"2020년 09월 25일","0.656","0.671","0.679","0.651","-1.71%"
"2020년 09월 24일","0.668","0.674","0.681","0.661","-1.45%"
"2020년 09월 23일","0.677","0.676","0.692","0.656","0.97%"
"2020년 09월 22일","0.671","0.666","0.681","0.659","0.25%"
"2020년 09월 21일","0.669","0.682","0.692","0.648","-4.00%"
"2020년 09월 18일","0.697","0.689","0.699","0.668","1.21%"
"2020년 09월 17일","0.689","0.690","0.692","0.646","-1.40%"
"2020년 09월 16일","0.698","0.672","0.702","0.656","2.65%"
"2020년 09월 15일","0.680","0.674","0.689","0.666","0.73%"
"2020년 09월 14일","0.676","0.672","0.680","0.651","0.73%"
"2020년 09월 13일","0.671","0.671","0.671","0.671","0.25%"
"2020년 09월 11일","0.669","0.680","0.697","0.664","-1.92%"
"2020년 09월 10일","0.682","0.698","0.723","0.677","-2.33%"
"2020년 09월 09일","0.698","0.667","0.710","0.659","2.40%"
"2020년 09월 08일","0.682","0.720","0.721","0.664","-5.24%"
"2020년 09월 07일","0.720","0.720","0.720","0.720","-0.22%"
"2020년 09월 04일","0.721","0.628","0.725","0.628","13.34%"
"2020년 09월 03일","0.636","0.648","0.669","0.604","-1.74%"
"2020년 09월 02일","0.648","0.675","0.693","0.643","-3.63%"
"2020년 09월 01일","0.672","0.713","0.731","0.669","-4.86%"
"2020년 08월 31일","0.706","0.723","0.749","0.692","-2.48%"
"2020년 08월 30일","0.724","0.724","0.724","0.724","0.00%"
"2020년 08월 28일","0.724","0.762","0.789","0.713","-3.90%"
"2020년 08월 27일","0.754","0.685","0.756","0.649","9.50%"
"2020년 08월 26일","0.688","0.687","0.721","0.685","0.00%"
"2020년 08월 25일","0.688","0.656","0.716","0.654","5.21%"
"2020년 08월 24일","0.654","0.632","0.657","0.622","3.59%"
"2020년 08월 23일","0.632","0.632","0.632","0.632","-0.75%"
"2020년 08월 21일","0.636","0.649","0.662","0.623","-2.48%"
"2020년 08월 20일","0.652","0.677","0.680","0.638","-4.74%"
"2020년 08월 19일","0.685","0.664","0.690","0.646","2.18%"
"2020년 08월 18일","0.670","0.682","0.688","0.657","-3.05%"
"2020년 08월 17일","0.692","0.713","0.714","0.667","-2.96%"
"2020년 08월 16일","0.713","0.711","0.713","0.711","0.45%"
"2020년 08월 14일","0.709","0.717","0.722","0.690","-1.13%"
"2020년 08월 13일","0.717","0.674","0.727","0.649","6.60%"
"2020년 08월 12일","0.673","0.632","0.691","0.625","4.65%"
"2020년 08월 11일","0.643","0.572","0.661","0.569","10.80%"
"2020년 08월 10일","0.581","0.571","0.581","0.544","2.62%"
"2020년 08월 09일","0.566","0.566","0.566","0.566","0.00%"
"2020년 08월 07일","0.566","0.533","0.569","0.516","5.17%"
"2020년 08월 06일","0.538","0.546","0.556","0.504","-2.09%"
"2020년 08월 05일","0.549","0.512","0.553","0.507","7.35%"
"2020년 08월 04일","0.512","0.556","0.563","0.505","-7.67%"
"2020년 08월 03일","0.554","0.535","0.572","0.535","3.98%"
"2020년 08월 02일","0.533","0.531","0.533","0.531","0.00%"
"2020년 07월 31일","0.533","0.543","0.564","0.520","-2.11%"
"2020년 07월 30일","0.545","0.572","0.579","0.536","-5.66%"
"2020년 07월 29일","0.577","0.579","0.595","0.564","-0.29%"
"2020년 07월 28일","0.579","0.615","0.637","0.576","-5.87%"
"2020년 07월 27일","0.615","0.590","0.618","0.569","3.59%"
"2020년 07월 26일","0.594","0.592","0.594","0.592","1.12%"
"2020년 07월 24일","0.587","0.581","0.597","0.556","1.70%"
"2020년 07월 23일","0.577","0.599","0.600","0.574","-3.83%"
"2020년 07월 22일","0.600","0.605","0.607","0.582","-0.81%"
"2020년 07월 21일","0.605","0.612","0.627","0.594","-1.34%"
"2020년 07월 20일","0.613","0.628","0.630","0.602","-1.57%"
"2020년 07월 17일","0.623","0.617","0.632","0.599","0.79%"
"2020년 07월 16일","0.618","0.628","0.635","0.600","-2.34%"
"2020년 07월 15일","0.633","0.638","0.658","0.617","1.31%"
"2020년 07월 14일","0.625","0.623","0.635","0.600","1.07%"
"2020년 07월 13일","0.618","0.630","0.664","0.617","-3.83%"
"2020년 07월 10일","0.643","0.618","0.648","0.569","4.81%"
"2020년 07월 09일","0.613","0.664","0.666","0.599","-7.88%"
"2020년 07월 08일","0.666","0.646","0.674","0.641","4.11%"
"2020년 07월 07일","0.640","0.679","0.691","0.633","-5.58%"
"2020년 07월 06일","0.678","0.676","0.712","0.674","0.24%"
"2020년 07월 05일","0.676","0.673","0.676","0.673","0.99%"
"2020년 07월 02일","0.669","0.679","0.724","0.664","-0.96%"
"2020년 07월 01일","0.676","0.658","0.702","0.658","2.75%"
"2020년 06월 30일","0.658","0.628","0.666","0.618","4.96%"
"2020년 06월 29일","0.627","0.632","0.656","0.622","-0.78%"
"2020년 06월 28일","0.632","0.635","0.635","0.632","-1.28%"
"2020년 06월 26일","0.640","0.682","0.686","0.632","-6.24%"
"2020년 06월 25일","0.682","0.674","0.689","0.656","0.49%"
"2020년 06월 24일","0.679","0.717","0.730","0.676","-5.05%"
"2020년 06월 23일","0.715","0.712","0.733","0.679","0.69%"
"2020년 06월 22일","0.710","0.695","0.712","0.674","2.38%"
"2020년 06월 21일","0.694","0.690","0.694","0.690","0.00%"
"2020년 06월 19일","0.694","0.707","0.745","0.687","-1.85%"
"2020년 06월 18일","0.707","0.731","0.731","0.692","-3.59%"
"2020년 06월 17일","0.733","0.763","0.763","0.725","-1.11%"
"2020년 06월 16일","0.741","0.756","0.784","0.723","2.97%"
"2020년 06월 15일","0.720","0.666","0.723","0.653","1.39%"
"2020년 06월 12일","0.710","0.677","0.721","0.664","6.65%"
"2020년 06월 11일","0.666","0.720","0.730","0.649","-9.58%"
"2020년 06월 10일","0.736","0.824","0.834","0.726","-10.62%"
"2020년 06월 09일","0.824","0.872","0.872","0.802","-6.24%"
"2020년 06월 08일","0.878","0.902","0.932","0.862","-2.41%"
"2020년 06월 07일","0.900","0.902","0.904","0.900","0.75%"
"2020년 06월 05일","0.893","0.817","0.959","0.799","8.29%"
"2020년 06월 04일","0.825","0.756","0.828","0.736","10.63%"
"2020년 06월 03일","0.746","0.692","0.771","0.685","8.59%"
"2020년 06월 02일","0.687","0.649","0.688","0.648","2.92%"
"2020년 06월 01일","0.667","0.640","0.687","0.638","4.07%"
"2020년 05월 31일","0.641","0.636","0.641","0.636","-1.75%"
"2020년 05월 29일","0.653","0.683","0.687","0.643","-6.32%"
"2020년 05월 28일","0.697","0.693","0.713","0.670","0.24%"
"2020년 05월 27일","0.695","0.690","0.729","0.661","0.00%"
"2020년 05월 26일","0.695","0.656","0.708","0.654","5.43%"
"2020년 05월 25일","0.659","0.657","0.659","0.657","0.26%"
"2020년 05월 22일","0.657","0.670","0.674","0.627","-3.34%"
"2020년 05월 21일","0.680","0.677","0.682","0.654","-1.42%"
"2020년 05월 20일","0.690","0.687","0.721","0.670","-0.23%"
"2020년 05월 19일","0.692","0.726","0.745","0.688","-4.71%"
"2020년 05월 18일","0.726","0.641","0.744","0.636","12.90%"
"2020년 05월 17일","0.643","0.643","0.643","0.643","-0.25%"
"2020년 05월 15일","0.644","0.627","0.649","0.590","4.46%"
"2020년 05월 14일","0.617","0.644","0.646","0.604","-5.69%"
"2020년 05월 13일","0.654","0.669","0.674","0.635","-1.89%"
"2020년 05월 12일","0.667","0.711","0.726","0.660","-5.66%"
"2020년 05월 11일","0.707","0.694","0.728","0.672","2.04%"
"2020년 05월 10일","0.693","0.691","0.693","0.691","1.15%"
"2020년 05월 08일","0.685","0.642","0.686","0.607","7.10%"
"2020년 05월 07일","0.639","0.687","0.717","0.620","-9.88%"
"2020년 05월 06일","0.709","0.678","0.743","0.668","7.18%"
"2020년 05월 05일","0.662","0.638","0.678","0.638","4.98%"
"2020년 05월 04일","0.631","0.605","0.651","0.596","2.01%"
"2020년 05월 03일","0.618","0.618","0.618","0.618","0.00%"
"2020년 05월 01일","0.618","0.630","0.648","0.594","-4.26%"
"2020년 04월 30일","0.646","0.622","0.650","0.581","2.72%"
"2020년 04월 29일","0.628","0.613","0.643","0.581","2.01%"
"2020년 04월 28일","0.616","0.665","0.673","0.594","-7.17%"
"2020년 04월 27일","0.664","0.605","0.665","0.601","9.61%"
"2020년 04월 26일","0.605","0.604","0.607","0.604","0.00%"
"2020년 04월 24일","0.605","0.605","0.621","0.579","0.40%"
"2020년 04월 23일","0.603","0.611","0.638","0.590","-2.33%"
"2020년 04월 22일","0.618","0.580","0.638","0.547","9.12%"
"2020년 04월 21일","0.566","0.616","0.623","0.543","-8.18%"
"2020년 04월 20일","0.616","0.642","0.651","0.609","-4.20%"
"2020년 04월 19일","0.643","0.643","0.643","0.643","0.25%"
"2020년 04월 17일","0.642","0.672","0.693","0.587","3.95%"
"2020년 04월 16일","0.617","0.638","0.658","0.594","-2.76%"
"2020년 04월 15일","0.635","0.746","0.752","0.618","-15.41%"
"2020년 04월 14일","0.750","0.765","0.776","0.728","-2.51%"
"2020년 04월 13일","0.770","0.725","0.776","0.719","6.11%"
"2020년 04월 12일","0.725","0.724","0.725","0.724","-0.44%"
"2020년 04월 09일","0.729","0.783","0.785","0.711","-5.45%"
"2020년 04월 08일","0.771","0.717","0.779","0.695","6.08%"
"2020년 04월 07일","0.726","0.695","0.785","0.678","7.19%"
"2020년 04월 06일","0.678","0.617","0.684","0.612","10.46%"
"2020년 04월 05일","0.613","0.612","0.613","0.612","2.35%"
"2020년 04월 03일","0.599","0.611","0.623","0.568","-1.91%"
"2020년 04월 02일","0.611","0.572","0.636","0.568","1.53%"
"2020년 04월 01일","0.602","0.663","0.676","0.571","-9.88%"
"2020년 03월 31일","0.668","0.722","0.731","0.651","-8.05%"
"2020년 03월 30일","0.726","0.667","0.731","0.599","9.20%"
"2020년 03월 29일","0.665","0.667","0.667","0.665","-1.63%"
"2020년 03월 27일","0.676","0.840","0.854","0.670","-20.25%"
"2020년 03월 26일","0.848","0.827","0.859","0.770","-2.41%"
"2020년 03월 25일","0.869","0.853","0.878","0.783","1.28%"
"2020년 03월 24일","0.858","0.775","0.898","0.774","12.48%"
"2020년 03월 23일","0.763","0.791","0.879","0.692","-3.82%"
"2020년 03월 22일","0.793","0.815","0.815","0.793","-10.44%"
"2020년 03월 20일","0.885","1.125","1.283","0.849","-23.58%"
"2020년 03월 19일","1.158","1.149","1.279","1.007","-2.10%"
"2020년 03월 18일","1.183","1.044","1.266","0.989","10.73%"
"2020년 03월 17일","1.069","0.747","1.105","0.740","44.37%"
"2020년 03월 16일","0.740","0.668","0.859","0.634","8.74%"
"2020년 03월 15일","0.681","0.670","0.703","0.670","-30.75%"
"2020년 03월 13일","0.983","0.823","1.023","0.725","21.03%"
"2020년 03월 12일","0.812","0.849","0.909","0.636","-7.45%"
"2020년 03월 11일","0.877","0.759","0.895","0.638","9.71%"
"2020년 03월 10일","0.800","0.617","0.813","0.565","43.00%"
"2020년 03월 09일","0.559","0.501","0.603","0.318","11.30%"
"2020년 03월 08일","0.502","0.507","0.507","0.495","-35.02%"
"2020년 03월 06일","0.773","0.918","0.920","0.660","-15.65%"
"2020년 03월 05일","0.917","1.054","1.054","0.899","-13.13%"
"2020년 03월 04일","1.055","0.984","1.064","0.931","5.65%"
"2020년 03월 03일","0.999","1.163","1.173","0.906","-13.27%"
"2020년 03월 02일","1.152","1.105","1.168","1.030","4.43%"
"2020년 03월 01일","1.103","1.106","1.106","1.098","-5.19%"
"2020년 02월 28일","1.163","1.282","1.289","1.116","-8.68%"
"2020년 02월 27일","1.274","1.330","1.335","1.241","-4.61%"
"2020년 02월 26일","1.335","1.359","1.382","1.301","-1.48%"
"2020년 02월 25일","1.355","1.387","1.416","1.307","-1.10%"
"2020년 02월 24일","1.370","1.456","1.456","1.352","-6.95%"
"2020년 02월 23일","1.473","1.473","1.473","1.473","0.00%"
"2020년 02월 21일","1.473","1.515","1.524","1.439","-3.01%"
"2020년 02월 20일","1.519","1.578","1.585","1.507","-3.14%"
"2020년 02월 19일","1.568","1.571","1.587","1.547","0.55%"
"2020년 02월 18일","1.559","1.576","1.580","1.537","-1.19%"
"2020년 02월 17일","1.578","1.578","1.578","1.578","-0.65%"
"2020년 02월 14일","1.588","1.609","1.616","1.573","-1.90%"
"2020년 02월 13일","1.619","1.607","1.626","1.568","-1.09%"
"2020년 02월 12일","1.637","1.607","1.638","1.597","2.15%"
"2020년 02월 11일","1.602","1.573","1.604","1.571","2.53%"
"2020년 02월 10일","1.563","1.561","1.599","1.542","0.22%"
"2020년 02월 09일","1.559","1.563","1.563","1.559","-1.41%"
"2020년 02월 07일","1.582","1.644","1.649","1.571","-3.78%"
"2020년 02월 06일","1.644","1.649","1.684","1.633","-0.32%"
"2020년 02월 05일","1.649","1.604","1.661","1.575","2.90%"
"2020년 02월 04일","1.603","1.520","1.618","1.517","5.05%"
"2020년 02월 03일","1.526","1.514","1.575","1.512","0.67%"
"2020년 02월 02일","1.515","1.520","1.520","1.515","0.68%"
"2020년 01월 31일","1.505","1.582","1.599","1.503","-5.38%"
"2020년 01월 30일","1.591","1.587","1.594","1.534","0.65%"
"2020년 01월 29일","1.581","1.648","1.667","1.579","-4.87%"
"2020년 01월 28일","1.661","1.612","1.663","1.570","2.99%"
"2020년 01월 27일","1.613","1.630","1.655","1.598","-0.95%"
"2020년 01월 26일","1.629","1.627","1.629","1.627","-3.38%"
"2020년 01월 24일","1.686","1.741","1.762","1.670","-2.61%"
"2020년 01월 23일","1.731","1.764","1.766","1.713","-2.16%"
"2020년 01월 22일","1.769","1.783","1.793","1.759","-0.29%"
"2020년 01월 21일","1.774","1.823","1.825","1.766","-2.68%"
"2020년 01월 20일","1.823","1.823","1.823","1.823","-0.10%"
"2020년 01월 17일","1.825","1.823","1.849","1.813","0.88%"
"2020년 01월 16일","1.809","1.792","1.820","1.776","1.27%"
"2020년 01월 15일","1.786","1.807","1.818","1.780","-1.45%"
"2020년 01월 14일","1.813","1.851","1.863","1.811","-1.89%"
"2020년 01월 13일","1.848","1.820","1.858","1.820","1.54%"
"2020년 01월 12일","1.820","1.820","1.820","1.820","0.00%"
"2020년 01월 10일","1.820","1.858","1.869","1.816","-1.88%"
"2020년 01월 09일","1.855","1.870","1.900","1.849","-1.03%"
"2020년 01월 08일","1.874","1.767","1.877","1.705","3.48%"
"2020년 01월 07일","1.811","1.813","1.828","1.795","0.10%"
"2020년 01월 06일","1.809","1.769","1.816","1.760","2.37%"
"2020년 01월 05일","1.767","1.769","1.769","1.767","-1.46%"
"2020년 01월 03일","1.793","1.842","1.844","1.786","-4.46%"
"2020년 01월 02일","1.877","1.919","1.946","1.851","-2.29%"
"2020년 01월 01일","1.921","1.921","1.921","1.921","0.09%"
"2019년 12월 31일","1.919","1.893","1.930","1.884","1.77%"
"2019년 12월 30일","1.886","1.875","1.940","1.872","0.66%"
"2019년 12월 29일","1.873","1.875","1.875","1.873","-0.19%"
"2019년 12월 27일","1.877","1.898","1.901","1.870","-0.92%"
"2019년 12월 26일","1.894","1.908","1.921","1.893","-0.64%"
"2019년 12월 25일","1.907","1.905","1.907","1.905","0.18%"
"2019년 12월 24일","1.903","1.928","1.949","1.901","-1.27%"
"2019년 12월 23일","1.928","1.921","1.940","1.894","0.36%"
"2019년 12월 22일","1.921","1.922","1.922","1.921","0.09%"
"2019년 12월 20일","1.919","1.924","1.947","1.912","-0.18%"
"2019년 12월 19일","1.922","1.922","1.952","1.898","0.00%"
"2019년 12월 18일","1.922","1.885","1.934","1.864","2.52%"
"2019년 12월 17일","1.875","1.870","1.894","1.852","0.10%"
"2019년 12월 16일","1.873","1.833","1.894","1.829","2.19%"
"2019년 12월 15일","1.833","1.835","1.835","1.833","0.48%"
"2019년 12월 13일","1.824","1.946","1.950","1.816","-3.77%"
"2019년 12월 12일","1.896","1.796","1.924","1.778","5.72%"
"2019년 12월 11일","1.793","1.840","1.842","1.781","-2.63%"
"2019년 12월 10일","1.842","1.819","1.849","1.800","1.14%"
"2019년 12월 09일","1.821","1.843","1.845","1.805","-1.22%"
"2019년 12월 08일","1.843","1.845","1.845","1.843","0.00%"
"2019년 12월 06일","1.843","1.807","1.864","1.788","1.92%"
"2019년 12월 05일","1.809","1.772","1.822","1.759","1.75%"
"2019년 12월 04일","1.778","1.724","1.791","1.699","3.50%"
"2019년 12월 03일","1.717","1.821","1.847","1.693","-5.76%"
"2019년 12월 02일","1.822","1.796","1.860","1.796","1.54%"
"2019년 12월 01일","1.795","1.791","1.795","1.791","1.17%"
"2019년 11월 29일","1.774","1.779","1.796","1.759","-0.20%"
"2019년 11월 28일","1.778","1.778","1.778","1.778","0.59%"
"2019년 11월 27일","1.767","1.747","1.778","1.738","1.48%"
"2019년 11월 26일","1.741","1.760","1.779","1.731","-0.59%"
"2019년 11월 25일","1.752","1.777","1.793","1.752","-1.55%"
"2019년 11월 24일","1.779","1.779","1.779","1.779","0.49%"
"2019년 11월 22일","1.771","1.771","1.789","1.745","-0.29%"
"2019년 11월 21일","1.776","1.735","1.786","1.707","1.67%"
"2019년 11월 20일","1.747","1.769","1.777","1.728","-2.21%"
"2019년 11월 19일","1.786","1.814","1.827","1.777","-1.61%"
"2019년 11월 18일","1.815","1.826","1.857","1.795","-0.48%"
"2019년 11월 17일","1.824","1.826","1.826","1.824","-0.65%"
"2019년 11월 15일","1.836","1.831","1.853","1.819","0.76%"
"2019년 11월 14일","1.822","1.884","1.893","1.805","-3.65%"
"2019년 11월 13일","1.891","1.929","1.931","1.863","-1.89%"
"2019년 11월 12일","1.928","1.923","1.959","1.905","0.27%"
"2019년 11월 11일","1.923","1.924","1.924","1.923","-1.16%"
"2019년 11월 08일","1.945","1.921","1.956","1.895","0.81%"
"2019년 11월 07일","1.929","1.820","1.973","1.803","5.43%"
"2019년 11월 06일","1.830","1.857","1.858","1.807","-1.43%"
"2019년 11월 05일","1.857","1.798","1.873","1.788","4.27%"
"2019년 11월 04일","1.781","1.754","1.793","1.740","3.89%"
"2019년 11월 03일","1.714","1.714","1.714","1.714","0.00%"
"2019년 11월 01일","1.714","1.689","1.745","1.670","1.56%"
"2019년 10월 31일","1.688","1.775","1.791","1.681","-4.93%"
"2019년 10월 30일","1.775","1.837","1.851","1.771","-3.36%"
"2019년 10월 29일","1.837","1.851","1.860","1.823","-0.48%"
"2019년 10월 28일","1.845","1.803","1.860","1.801","2.26%"
"2019년 10월 27일","1.805","1.803","1.805","1.803","0.29%"
"2019년 10월 25일","1.799","1.757","1.814","1.749","1.59%"
"2019년 10월 24일","1.771","1.761","1.784","1.738","0.20%"
"2019년 10월 23일","1.768","1.762","1.770","1.731","0.00%"
"2019년 10월 22일","1.768","1.805","1.810","1.762","-1.95%"
"2019년 10월 21일","1.803","1.740","1.805","1.738","3.63%"
"2019년 10월 20일","1.740","1.741","1.741","1.740","-0.80%"
"2019년 10월 18일","1.754","1.748","1.776","1.729","0.21%"
"2019년 10월 17일","1.750","1.732","1.799","1.722","0.30%"
"2019년 10월 16일","1.745","1.766","1.769","1.719","-1.49%"
"2019년 10월 15일","1.771","1.713","1.778","1.675","3.26%"
"2019년 10월 14일","1.715","1.712","1.717","1.712","-1.10%"
"2019년 10월 11일","1.734","1.663","1.767","1.640","3.86%"
"2019년 10월 10일","1.670","1.558","1.672","1.546","5.21%"
"2019년 10월 09일","1.587","1.531","1.594","1.526","3.58%"
"2019년 10월 08일","1.532","1.556","1.592","1.510","-2.08%"
"2019년 10월 07일","1.565","1.515","1.566","1.505","3.27%"
"2019년 10월 06일","1.515","1.520","1.520","1.515","-0.90%"
"2019년 10월 04일","1.529","1.536","1.556","1.507","-0.33%"
"2019년 10월 03일","1.534","1.592","1.599","1.509","-4.17%"
"2019년 10월 02일","1.601","1.639","1.668","1.580","-2.10%"
"2019년 10월 01일","1.635","1.670","1.757","1.613","-1.97%"
"2019년 09월 30일","1.668","1.685","1.713","1.665","-0.92%"
"2019년 09월 29일","1.684","1.684","1.684","1.684","-0.21%"
"2019년 09월 27일","1.687","1.692","1.725","1.673","-0.61%"
"2019년 09월 26일","1.697","1.727","1.727","1.675","-2.30%"
"2019년 09월 25일","1.737","1.649","1.739","1.630","5.13%"
"2019년 09월 24일","1.652","1.722","1.723","1.628","-4.11%"
"2019년 09월 23일","1.723","1.737","1.767","1.664","0.10%"
"2019년 09월 22일","1.722","1.722","1.722","1.722","0.00%"
"2019년 09월 20일","1.722","1.781","1.794","1.716","-3.69%"
"2019년 09월 19일","1.787","1.796","1.821","1.749","-0.68%"
"2019년 09월 18일","1.800","1.805","1.819","1.744","-0.57%"
"2019년 09월 17일","1.810","1.845","1.849","1.794","-1.80%"
"2019년 09월 16일","1.843","1.899","1.899","1.814","-3.05%"
"2019년 09월 15일","1.901","1.901","1.901","1.901","0.00%"
"2019년 09월 13일","1.901","1.777","1.908","1.766","6.89%"
"2019년 09월 12일","1.778","1.766","1.801","1.668","1.89%"
"2019년 09월 11일","1.745","1.730","1.752","1.707","0.10%"
"2019년 09월 10일","1.744","1.647","1.745","1.620","5.86%"
"2019년 09월 09일","1.647","1.559","1.649","1.553","5.58%"
"2019년 09월 08일","1.560","1.559","1.560","1.559","0.00%"
"2019년 09월 06일","1.560","1.559","1.608","1.540","-0.33%"
"2019년 09월 05일","1.565","1.472","1.591","1.469","6.43%"
"2019년 09월 04일","1.471","1.452","1.499","1.451","0.57%"
"2019년 09월 03일","1.462","1.508","1.537","1.429","-2.91%"
"2019년 09월 02일","1.506","1.510","1.510","1.506","0.45%"
"2019년 08월 30일","1.499","1.496","1.543","1.493","0.21%"
"2019년 08월 29일","1.496","1.468","1.535","1.444","1.94%"
"2019년 08월 28일","1.468","1.479","1.490","1.446","-0.45%"
"2019년 08월 27일","1.474","1.530","1.537","1.471","-4.16%"
"2019년 08월 26일","1.538","1.478","1.549","1.443","4.21%"
"2019년 08월 25일","1.476","1.473","1.476","1.473","-3.73%"
"2019년 08월 23일","1.533","1.613","1.663","1.506","-4.94%"
"2019년 08월 22일","1.613","1.588","1.628","1.555","1.39%"
"2019년 08월 21일","1.591","1.557","1.610","1.547","2.51%"
"2019년 08월 20일","1.552","1.591","1.598","1.540","-3.48%"
"2019년 08월 19일","1.608","1.572","1.625","1.569","2.15%"
"2019년 08월 18일","1.574","1.576","1.577","1.574","0.76%"
"2019년 08월 16일","1.562","1.523","1.594","1.508","4.04%"
"2019년 08월 15일","1.502","1.589","1.594","1.475","-5.11%"
"2019년 08월 14일","1.583","1.693","1.695","1.574","-7.00%"
"2019년 08월 13일","1.702","1.654","1.717","1.618","3.75%"
"2019년 08월 12일","1.640","1.748","1.748","1.628","-5.98%"
"2019년 08월 11일","1.745","1.745","1.745","1.745","0.00%"
"2019년 08월 09일","1.745","1.698","1.748","1.679","1.50%"
"2019년 08월 08일","1.719","1.709","1.793","1.705","-0.10%"
"2019년 08월 07일","1.721","1.696","1.736","1.595","0.29%"
"2019년 08월 06일","1.716","1.677","1.773","1.672","-0.10%"
"2019년 08월 05일","1.718","1.855","1.859","1.709","-7.17%"
"2019년 08월 04일","1.850","1.854","1.854","1.850","0.37%"
"2019년 08월 02일","1.843","1.897","1.912","1.832","-3.09%"
"2019년 08월 01일","1.902","2.025","2.061","1.876","-5.25%"
"2019년 07월 31일","2.007","2.058","2.072","2.006","-2.53%"
"2019년 07월 30일","2.060","2.062","2.075","2.040","-0.17%"
"2019년 07월 29일","2.063","2.067","2.070","2.048","-0.26%"
"2019년 07월 28일","2.069","2.076","2.076","2.067","-0.25%"
"2019년 07월 26일","2.074","2.081","2.100","2.063","-0.43%"
"2019년 07월 25일","2.083","2.043","2.100","2.011","1.61%"
"2019년 07월 24일","2.050","2.085","2.085","2.038","-1.35%"
"2019년 07월 23일","2.078","2.050","2.085","2.043","1.36%"
"2019년 07월 22일","2.050","2.057","2.067","2.027","-0.43%"
"2019년 07월 21일","2.059","2.060","2.060","2.059","0.09%"
"2019년 07월 19일","2.057","2.042","2.064","2.035","1.53%"
"2019년 07월 18일","2.026","2.054","2.078","2.023","-0.86%"
"2019년 07월 17일","2.043","2.108","2.111","2.043","-2.98%"
"2019년 07월 16일","2.106","2.090","2.143","2.083","0.75%"
"2019년 07월 15일","2.090","2.150","2.150","2.087","-1.57%"
"2019년 07월 14일","2.124","2.124","2.124","2.124","0.00%"
"2019년 07월 12일","2.124","2.136","2.150","2.105","-0.91%"
"2019년 07월 11일","2.143","2.053","2.150","2.037","3.97%"
"2019년 07월 10일","2.061","2.067","2.113","2.039","-0.51%"
"2019년 07월 09일","2.072","2.039","2.072","2.034","1.18%"
"2019년 07월 08일","2.048","2.041","2.053","2.010","0.25%"
"2019년 07월 07일","2.043","2.043","2.043","2.043","0.17%"
"2019년 07월 05일","2.039","1.945","2.068","1.941","4.67%"
"2019년 07월 04일","1.948","1.946","1.948","1.946","-0.26%"
"2019년 07월 03일","1.953","1.972","1.972","1.939","-1.14%"
"2019년 07월 02일","1.976","2.017","2.024","1.974","-2.80%"
"2019년 07월 01일","2.033","2.045","2.048","2.005","-0.60%"
"2019년 06월 30일","2.045","2.038","2.045","2.038","1.89%"
"2019년 06월 28일","2.007","2.017","2.033","1.998","-0.36%"
"2019년 06월 27일","2.014","2.045","2.073","2.004","-1.77%"
"2019년 06월 26일","2.050","1.999","2.052","1.997","3.11%"
"2019년 06월 25일","1.988","2.014","2.025","1.982","-1.45%"
"2019년 06월 24일","2.018","2.059","2.066","2.014","-2.01%"
"2019년 06월 23일","2.059","2.057","2.061","2.057","0.00%"
"2019년 06월 21일","2.059","2.018","2.069","1.999","1.77%"
"2019년 06월 20일","2.023","2.027","2.039","1.974","-0.26%"
"2019년 06월 19일","2.029","2.063","2.099","2.020","-1.42%"
"2019년 06월 18일","2.058","2.091","2.098","2.016","-1.57%"
"2019년 06월 17일","2.091","2.092","2.115","2.079","-0.09%"
"2019년 06월 16일","2.092","2.087","2.094","2.087","0.41%"
"2019년 06월 14일","2.084","2.086","2.110","2.058","-0.42%"
"2019년 06월 13일","2.093","2.124","2.129","2.082","-1.39%"
"2019년 06월 12일","2.122","2.138","2.143","2.110","-1.05%"
"2019년 06월 11일","2.145","2.141","2.178","2.138","-0.25%"
"2019년 06월 10일","2.150","2.122","2.152","2.112","1.39%"
"2019년 06월 09일","2.121","2.122","2.122","2.121","1.74%"
"2019년 06월 07일","2.084","2.128","2.133","2.053","-1.72%"
"2019년 06월 06일","2.121","2.126","2.136","2.092","-0.49%"
"2019년 06월 05일","2.131","2.131","2.136","2.078","0.49%"
"2019년 06월 04일","2.121","2.083","2.147","2.083","2.24%"
"2019년 06월 03일","2.075","2.126","2.135","2.061","-2.36%"
"2019년 06월 02일","2.125","2.128","2.128","2.125","-0.40%"
"2019년 05월 31일","2.133","2.191","2.194","2.126","-3.77%"
"2019년 05월 30일","2.217","2.262","2.285","2.211","-2.01%"
"2019년 05월 29일","2.262","2.266","2.267","2.210","-0.23%"
"2019년 05월 28일","2.267","2.308","2.317","2.262","-1.83%"
"2019년 05월 27일","2.310","2.310","2.310","2.310","-0.60%"
"2019년 05월 24일","2.324","2.320","2.334","2.308","0.07%"
"2019년 05월 23일","2.322","2.386","2.386","2.292","-2.45%"
"2019년 05월 22일","2.380","2.426","2.434","2.380","-1.97%"
"2019년 05월 21일","2.428","2.416","2.441","2.407","0.37%"
"2019년 05월 20일","2.419","2.400","2.419","2.380","0.74%"
"2019년 05월 19일","2.401","2.394","2.401","2.394","0.37%"
"2019년 05월 17일","2.393","2.396","2.409","2.364","-0.07%"
"2019년 05월 16일","2.394","2.373","2.416","2.354","0.74%"
"2019년 05월 15일","2.377","2.409","2.419","2.361","-1.54%"
"2019년 05월 14일","2.414","2.401","2.428","2.394","0.44%"
"2019년 05월 13일","2.403","2.433","2.442","2.389","-1.31%"
"2019년 05월 12일","2.435","2.437","2.437","2.435","-1.51%"
"2019년 05월 10일","2.473","2.455","2.473","2.426","0.80%"
"2019년 05월 09일","2.453","2.476","2.480","2.424","-1.30%"
"2019년 05월 08일","2.485","2.457","2.491","2.426","1.54%"
"2019년 05월 07일","2.448","2.480","2.501","2.444","-2.08%"
"2019년 05월 06일","2.500","2.482","2.503","2.473","-1.21%"
"2019년 05월 05일","2.530","2.530","2.530","2.530","0.00%"
"2019년 05월 03일","2.530","2.545","2.578","2.514","-0.57%"
"2019년 05월 02일","2.545","2.522","2.558","2.509","1.73%"
"2019년 05월 01일","2.502","2.509","2.520","2.455","-0.08%"
"2019년 04월 30일","2.504","2.527","2.550","2.502","-0.93%"
"2019년 04월 29일","2.527","2.509","2.541","2.504","1.08%"
"2019년 04월 26일","2.500","2.529","2.545","2.495","-1.35%"
"2019년 04월 25일","2.534","2.523","2.542","2.516","0.64%"
"2019년 04월 24일","2.518","2.572","2.572","2.518","-1.97%"
"2019년 04월 23일","2.569","2.587","2.594","2.563","-0.70%"
"2019년 04월 22일","2.587","2.558","2.592","2.558","1.06%"
"2019년 04월 21일","2.560","2.561","2.561","2.558","0.00%"
"2019년 04월 18일","2.560","2.587","2.589","2.549","-1.33%"
"2019년 04월 17일","2.594","2.585","2.614","2.579","0.07%"
"2019년 04월 16일","2.592","2.556","2.596","2.547","1.41%"
"2019년 04월 15일","2.556","2.558","2.574","2.547","0.00%"
"2019년 04월 14일","2.556","2.558","2.558","2.556","-0.21%"
"2019년 04월 12일","2.562","2.499","2.567","2.490","2.51%"
"2019년 04월 11일","2.499","2.474","2.510","2.470","1.38%"
"2019년 04월 10일","2.465","2.501","2.511","2.463","-1.50%"
"2019년 04월 09일","2.502","2.519","2.527","2.485","-0.71%"
"2019년 04월 08일","2.520","2.503","2.524","2.486","0.72%"
"2019년 04월 07일","2.503","2.504","2.504","2.503","0.14%"
"2019년 04월 05일","2.499","2.515","2.544","2.494","-0.57%"
"2019년 04월 04일","2.513","2.517","2.526","2.496","-0.57%"
"2019년 04월 03일","2.528","2.472","2.528","2.469","2.24%"
"2019년 04월 02일","2.472","2.488","2.492","2.467","-1.21%"
"2019년 04월 01일","2.503","2.430","2.508","2.424","3.08%"
"2019년 03월 31일","2.428","2.424","2.428","2.424","0.88%"
"2019년 03월 29일","2.407","2.393","2.433","2.391","0.66%"
"2019년 03월 28일","2.391","2.365","2.405","2.340","0.44%"
"2019년 03월 27일","2.381","2.425","2.432","2.352","-1.82%"
"2019년 03월 26일","2.425","2.414","2.453","2.402","0.81%"
"2019년 03월 25일","2.405","2.453","2.473","2.377","-1.88%"
"2019년 03월 24일","2.451","2.450","2.451","2.450","0.58%"
"2019년 03월 22일","2.437","2.539","2.539","2.418","-3.99%"
"2019년 03월 21일","2.539","2.524","2.546","2.500","0.56%"
"2019년 03월 20일","2.524","2.616","2.618","2.524","-3.56%"
"2019년 03월 19일","2.618","2.603","2.634","2.591","0.48%"
"2019년 03월 18일","2.605","2.594","2.611","2.585","0.42%"
"2019년 03월 17일","2.594","2.592","2.594","2.592","0.14%"
"2019년 03월 15일","2.591","2.628","2.638","2.580","-1.51%"
"2019년 03월 14일","2.630","2.621","2.645","2.611","0.21%"
"2019년 03월 13일","2.625","2.607","2.628","2.605","0.97%"
"2019년 03월 12일","2.600","2.657","2.674","2.596","-1.57%"
"2019년 03월 11일","2.641","2.630","2.659","2.623","0.41%"
"2019년 03월 10일","2.630","2.628","2.630","2.628","0.00%"
"2019년 03월 08일","2.630","2.645","2.652","2.607","-0.41%"
"2019년 03월 07일","2.641","2.690","2.693","2.636","-1.94%"
"2019년 03월 06일","2.693","2.719","2.720","2.679","-0.93%"
"2019년 03월 05일","2.719","2.728","2.750","2.715","-0.20%"
"2019년 03월 04일","2.724","2.766","2.768","2.719","-1.51%"
"2019년 03월 03일","2.766","2.770","2.770","2.766","0.26%"
"2019년 03월 01일","2.759","2.719","2.768","2.711","1.53%"
"2019년 02월 28일","2.717","2.675","2.731","2.659","1.14%"
"2019년 02월 27일","2.686","2.634","2.699","2.628","1.84%"
"2019년 02월 26일","2.638","2.663","2.668","2.632","-1.14%"
"2019년 02월 25일","2.668","2.668","2.684","2.655","0.07%"
"2019년 02월 24일","2.666","2.664","2.666","2.664","0.47%"
"2019년 02월 22일","2.654","2.688","2.688","2.638","-1.54%"
"2019년 02월 21일","2.695","2.645","2.697","2.641","1.76%"
"2019년 02월 20일","2.648","2.641","2.659","2.627","0.48%"
"2019년 02월 19일","2.636","2.675","2.675","2.634","-1.41%"
"2019년 02월 18일","2.673","2.673","2.673","2.673","0.34%"
"2019년 02월 15일","2.664","2.659","2.688","2.645","0.34%"
"2019년 02월 14일","2.655","2.698","2.713","2.643","-1.99%"
"2019년 02월 13일","2.709","2.693","2.715","2.681","0.87%"
"2019년 02월 12일","2.686","2.654","2.691","2.654","1.22%"
"2019년 02월 11일","2.654","2.638","2.670","2.636","0.75%"
"2019년 02월 10일","2.634","2.634","2.634","2.634","0.00%"
"2019년 02월 08일","2.634","2.657","2.659","2.625","-0.88%"
"2019년 02월 07일","2.657","2.697","2.698","2.650","-1.59%"
"2019년 02월 06일","2.700","2.704","2.704","2.673","-0.14%"
"2019년 02월 05일","2.704","2.718","2.740","2.688","-0.79%"
"2019년 02월 04일","2.725","2.693","2.734","2.684","1.26%"
"2019년 02월 03일","2.691","2.691","2.691","2.691","0.27%"
"2019년 02월 01일","2.684","2.645","2.697","2.624","1.95%"
"2019년 01월 31일","2.633","2.683","2.685","2.619","-1.67%"
"2019년 01월 30일","2.678","2.715","2.735","2.676","-1.19%"
"2019년 01월 29일","2.710","2.742","2.747","2.706","-1.38%"
"2019년 01월 28일","2.748","2.755","2.766","2.728","-0.26%"
"2019년 01월 27일","2.755","2.755","2.755","2.755","-0.13%"
"2019년 01월 25일","2.759","2.721","2.760","2.719","1.58%"
"2019년 01월 24일","2.716","2.744","2.753","2.701","-1.24%"
"2019년 01월 23일","2.750","2.739","2.779","2.734","0.32%"
"2019년 01월 22일","2.741","2.775","2.779","2.727","-1.17%"
"2019년 01월 21일","2.773","2.775","2.775","2.773","-0.52%"
"2019년 01월 18일","2.788","2.747","2.799","2.743","1.36%"
"2019년 01월 17일","2.750","2.720","2.761","2.698","0.85%"
"2019년 01월 16일","2.727","2.713","2.743","2.704","0.32%"
"2019년 01월 15일","2.718","2.704","2.722","2.679","0.46%"
"2019년 01월 14일","2.706","2.676","2.711","2.660","0.26%"
"2019년 01월 13일","2.699","2.699","2.699","2.699","0.00%"
"2019년 01월 11일","2.699","2.731","2.740","2.681","-1.70%"
"2019년 01월 10일","2.746","2.710","2.747","2.678","1.25%"
"2019년 01월 09일","2.712","2.730","2.747","2.710","-0.66%"
"2019년 01월 08일","2.730","2.692","2.733","2.687","1.19%"
"2019년 01월 07일","2.698","2.666","2.701","2.632","1.13%"
"2019년 01월 06일","2.668","2.668","2.668","2.668","0.00%"
"2019년 01월 04일","2.668","2.564","2.678","2.543","4.55%"
"2019년 01월 03일","2.552","2.618","2.656","2.545","-3.08%"
"2019년 01월 02일","2.633","2.686","2.697","2.622","-1.98%"
"2019년 01월 01일","2.686","2.686","2.686","2.686","0.00%"
"2018년 12월 31일","2.686","2.730","2.745","2.679","-1.12%"
"2018년 12월 30일","2.716","2.716","2.716","2.716","0.00%"
"2018년 12월 28일","2.716","2.768","2.781","2.713","-2.07%"
"2018년 12월 27일","2.774","2.803","2.806","2.733","-1.28%"
"2018년 12월 26일","2.810","2.751","2.815","2.720","2.14%"
"2018년 12월 25일","2.751","2.749","2.751","2.749","0.52%"
"2018년 12월 24일","2.737","2.826","2.826","2.733","-1.86%"
"2018년 12월 23일","2.788","2.788","2.788","2.788","0.00%"
"2018년 12월 21일","2.788","2.801","2.810","2.781","-0.71%"
"2018년 12월 20일","2.808","2.767","2.814","2.748","1.68%"
"2018년 12월 19일","2.762","2.819","2.861","2.750","-2.15%"
"2018년 12월 18일","2.823","2.859","2.861","2.818","-1.20%"
"2018년 12월 17일","2.857","2.895","2.898","2.848","-1.25%"
"2018년 12월 16일","2.893","2.893","2.893","2.893","-0.06%"
"2018년 12월 14일","2.895","2.909","2.913","2.870","-0.62%"
"2018년 12월 13일","2.913","2.910","2.918","2.891","0.06%"
"2018년 12월 12일","2.911","2.884","2.917","2.879","1.13%"
"2018년 12월 11일","2.879","2.850","2.890","2.845","0.56%"
"2018년 12월 10일","2.863","2.829","2.868","2.825","1.20%"
"2018년 12월 09일","2.829","2.825","2.829","2.825","-1.00%"
"2018년 12월 07일","2.858","2.901","2.921","2.847","-1.19%"
"2018년 12월 06일","2.892","2.917","2.924","2.826","-0.87%"
"2018년 12월 05일","2.917","2.912","2.917","2.912","0.06%"
"2018년 12월 04일","2.915","2.975","2.977","2.885","-1.71%"
"2018년 12월 03일","2.966","3.037","3.050","2.966","-2.39%"
"2018년 12월 02일","3.039","3.037","3.039","3.037","1.52%"
"2018년 11월 30일","2.993","3.026","3.032","2.988","-1.26%"
"2018년 11월 29일","3.032","3.048","3.052","2.997","-0.95%"
"2018년 11월 28일","3.061","3.057","3.075","3.043","0.06%"
"2018년 11월 27일","3.059","3.059","3.074","3.044","0.00%"
"2018년 11월 26일","3.059","3.050","3.079","3.046","0.36%"
"2018년 11월 25일","3.048","3.048","3.048","3.048","0.06%"
"2018년 11월 23일","3.046","3.068","3.076","3.032","-0.60%"
"2018년 11월 22일","3.065","3.065","3.065","3.065","0.00%"
"2018년 11월 21일","3.065","3.065","3.088","3.061","0.12%"
"2018년 11월 20일","3.061","3.063","3.070","3.036","-0.06%"
"2018년 11월 19일","3.063","3.057","3.096","3.052","0.18%"
"2018년 11월 18일","3.057","3.057","3.057","3.057","-0.24%"
"2018년 11월 16일","3.065","3.110","3.123","3.065","-1.47%"
"2018년 11월 15일","3.110","3.123","3.136","3.081","-0.53%"
"2018년 11월 14일","3.127","3.145","3.165","3.092","-0.47%"
"2018년 11월 13일","3.141","3.151","3.176","3.138","-0.29%"
"2018년 11월 12일","3.151","3.186","3.186","3.151","-1.10%"
"2018년 11월 09일","3.186","3.232","3.236","3.180","-1.65%"
"2018년 11월 08일","3.239","3.236","3.243","3.206","0.06%"
"2018년 11월 07일","3.237","3.213","3.250","3.176","0.18%"
"2018년 11월 06일","3.231","3.208","3.231","3.189","0.96%"
"2018년 11월 05일","3.201","3.208","3.212","3.186","-0.29%"
"2018년 11월 04일","3.210","3.210","3.210","3.210","-0.30%"
"2018년 11월 02일","3.220","3.140","3.224","3.136","2.73%"
"2018년 11월 01일","3.134","3.155","3.174","3.130","-0.48%"
"2018년 10월 31일","3.149","3.125","3.162","3.123","0.97%"
"2018년 10월 30일","3.119","3.087","3.125","3.083","0.98%"
"2018년 10월 29일","3.089","3.081","3.117","3.059","0.18%"
"2018년 10월 28일","3.083","3.083","3.083","3.083","0.18%"
"2018년 10월 26일","3.077","3.109","3.117","3.057","-1.56%"
"2018년 10월 25일","3.126","3.102","3.145","3.100","0.49%"
"2018년 10월 24일","3.111","3.170","3.170","3.094","-1.90%"
"2018년 10월 23일","3.171","3.192","3.194","3.111","-0.88%"
"2018년 10월 22일","3.200","3.192","3.209","3.177","0.24%"
"2018년 10월 21일","3.192","3.190","3.192","3.190","-0.12%"
"2018년 10월 19일","3.196","3.175","3.209","3.169","0.60%"
"2018년 10월 18일","3.177","3.207","3.217","3.160","-0.94%"
"2018년 10월 17일","3.207","3.169","3.207","3.146","1.38%"
"2018년 10월 16일","3.163","3.158","3.178","3.152","0.24%"
"2018년 10월 15일","3.156","3.158","3.165","3.142","-0.12%"
"2018년 10월 14일","3.159","3.158","3.159","3.156","-0.24%"
"2018년 10월 12일","3.167","3.154","3.184","3.131","0.67%"
"2018년 10월 11일","3.146","3.163","3.195","3.124","-0.89%"
"2018년 10월 10일","3.174","3.214","3.244","3.165","-1.00%"
"2018년 10월 09일","3.206","3.231","3.261","3.203","-0.76%"
"2018년 10월 08일","3.231","3.237","3.237","3.231","-0.06%"
"2018년 10월 05일","3.233","3.193","3.248","3.187","1.44%"
"2018년 10월 04일","3.187","3.198","3.232","3.176","0.18%"
"2018년 10월 03일","3.181","3.061","3.187","3.050","3.92%"
"2018년 10월 02일","3.061","3.087","3.087","3.046","-0.78%"
"2018년 10월 01일","3.086","3.067","3.095","3.063","0.55%"
"2018년 09월 30일","3.069","3.069","3.069","3.069","0.12%"
"2018년 09월 28일","3.065","3.048","3.065","3.026","0.31%"
"2018년 09월 27일","3.056","3.054","3.074","3.030","0.25%"
"2018년 09월 26일","3.048","3.096","3.098","3.048","-1.62%"
"2018년 09월 25일","3.098","3.089","3.113","3.087","0.30%"
"2018년 09월 24일","3.089","3.098","3.098","3.065","0.73%"
"2018년 09월 23일","3.066","3.066","3.066","3.066","0.00%"
"2018년 09월 21일","3.066","3.065","3.085","3.057","0.07%"
"2018년 09월 20일","3.065","3.066","3.096","3.059","-0.06%"
"2018년 09월 19일","3.066","3.055","3.092","3.044","0.30%"
"2018년 09월 18일","3.057","2.979","3.059","2.977","2.10%"
"2018년 09월 17일","2.994","2.990","3.022","2.985","-0.18%"
"2018년 09월 16일","3.000","2.961","3.000","2.959","0.00%"
"2018년 09월 14일","3.000","2.974","3.003","2.968","0.87%"
"2018년 09월 13일","2.974","2.964","2.983","2.944","0.31%"
"2018년 09월 12일","2.964","2.974","2.976","2.955","-0.55%"
"2018년 09월 11일","2.981","2.935","2.983","2.935","1.56%"
"2018년 09월 10일","2.935","2.944","2.950","2.930","-0.25%"
"2018년 09월 09일","2.942","2.941","2.942","2.941","0.12%"
"2018년 09월 07일","2.939","2.875","2.950","2.871","2.09%"
"2018년 09월 06일","2.878","2.900","2.911","2.871","-0.88%"
"2018년 09월 05일","2.904","2.898","2.917","2.884","0.19%"
"2018년 09월 04일","2.898","2.860","2.906","2.855","1.27%"
"2018년 09월 03일","2.862","2.862","2.862","2.862","0.06%"
"2018년 08월 31일","2.860","2.860","2.868","2.831","0.06%"
"2018년 08월 30일","2.859","2.880","2.888","2.855","-0.94%"
"2018년 08월 29일","2.886","2.878","2.898","2.866","0.06%"
"2018년 08월 28일","2.884","2.851","2.888","2.844","1.34%"
"2018년 08월 27일","2.846","2.821","2.851","2.815","0.90%"
"2018년 08월 26일","2.821","2.822","2.824","2.821","0.26%"
"2018년 08월 24일","2.813","2.824","2.850","2.812","-0.51%"
"2018년 08월 23일","2.828","2.817","2.832","2.812","0.26%"
"2018년 08월 22일","2.821","2.824","2.837","2.808","-0.76%"
"2018년 08월 21일","2.842","2.824","2.853","2.819","0.83%"
"2018년 08월 20일","2.819","2.866","2.869","2.815","-1.70%"
"2018년 08월 19일","2.868","2.866","2.868","2.866","0.13%"
"2018년 08월 17일","2.864","2.868","2.877","2.844","-0.19%"
"2018년 08월 16일","2.870","2.864","2.893","2.857","0.19%"
"2018년 08월 15일","2.864","2.900","2.900","2.837","-1.25%"
"2018년 08월 14일","2.900","2.877","2.902","2.877","0.82%"
"2018년 08월 13일","2.877","2.866","2.889","2.848","0.44%"
"2018년 08월 12일","2.864","2.870","2.871","2.864","-0.32%"
"2018년 08월 10일","2.873","2.929","2.931","2.853","-1.92%"
"2018년 08월 09일","2.929","2.959","2.964","2.924","-1.16%"
"2018년 08월 08일","2.964","2.973","2.986","2.958","-0.44%"
"2018년 08월 07일","2.977","2.943","2.979","2.936","1.07%"
"2018년 08월 06일","2.945","2.956","2.962","2.925","-0.38%"
"2018년 08월 05일","2.956","2.958","2.960","2.956","0.19%"
"2018년 08월 03일","2.951","2.993","2.997","2.951","-1.18%"
"2018년 08월 02일","2.986","3.003","3.006","2.975","-0.62%"
"2018년 08월 01일","3.004","2.958","3.016","2.954","1.45%"
"2018년 07월 31일","2.962","2.969","2.977","2.934","-0.44%"
"2018년 07월 30일","2.975","2.962","2.990","2.958","0.50%"
"2018년 07월 29일","2.960","2.962","2.962","2.960","0.06%"
"2018년 07월 27일","2.958","2.976","2.988","2.951","-0.81%"
"2018년 07월 26일","2.982","2.974","2.984","2.947","0.31%"
"2018년 07월 25일","2.973","2.949","2.976","2.928","0.76%"
"2018년 07월 24일","2.950","2.958","2.973","2.945","-0.31%"
"2018년 07월 23일","2.960","2.895","2.967","2.882","2.30%"
"2018년 07월 22일","2.893","2.897","2.899","2.893","-0.07%"
"2018년 07월 20일","2.895","2.847","2.899","2.836","2.01%"
"2018년 07월 19일","2.838","2.880","2.897","2.831","-1.28%"
"2018년 07월 18일","2.875","2.864","2.882","2.847","0.51%"
"2018년 07월 17일","2.860","2.860","2.873","2.847","0.13%"
"2018년 07월 16일","2.856","2.823","2.877","2.823","0.97%"
"2018년 07월 15일","2.829","2.829","2.829","2.829","0.00%"
"2018년 07월 13일","2.829","2.856","2.858","2.827","-0.71%"
"2018년 07월 12일","2.849","2.853","2.871","2.845","0.32%"
"2018년 07월 11일","2.840","2.838","2.866","2.825","-0.96%"
"2018년 07월 10일","2.867","2.862","2.875","2.851","0.32%"
"2018년 07월 09일","2.858","2.829","2.862","2.829","1.16%"
"2018년 07월 08일","2.825","2.827","2.827","2.825","0.06%"
"2018년 07월 06일","2.824","2.831","2.849","2.807","-0.32%"
"2018년 07월 05일","2.833","2.842","2.866","2.820","-0.32%"
"2018년 07월 04일","2.842","2.842","2.842","2.842","0.32%"
"2018년 07월 03일","2.833","2.869","2.884","2.831","-1.34%"
"2018년 07월 02일","2.871","2.858","2.873","2.824","0.51%"
"2018년 07월 01일","2.856","2.858","2.860","2.856","-0.13%"
"2018년 06월 29일","2.860","2.844","2.868","2.833","0.70%"
"2018년 06월 28일","2.840","2.833","2.853","2.822","0.45%"
"2018년 06월 27일","2.827","2.884","2.886","2.826","-1.71%"
"2018년 06월 26일","2.877","2.882","2.900","2.866","-0.19%"
"2018년 06월 25일","2.882","2.893","2.897","2.866","-0.31%"
"2018년 06월 24일","2.891","2.886","2.891","2.886","-0.13%"
"2018년 06월 22일","2.895","2.904","2.928","2.893","-0.13%"
"2018년 06월 21일","2.899","2.937","2.950","2.891","-1.31%"
"2018년 06월 20일","2.937","2.895","2.941","2.882","1.39%"
"2018년 06월 19일","2.897","2.897","2.904","2.853","-0.69%"
"2018년 06월 18일","2.917","2.922","2.933","2.900","-0.12%"
"2018년 06월 17일","2.921","2.921","2.921","2.921","-0.06%"
"2018년 06월 15일","2.922","2.937","2.937","2.889","-0.44%"
"2018년 06월 14일","2.935","2.970","2.976","2.928","-1.30%"
"2018년 06월 13일","2.974","2.961","3.010","2.950","0.31%"
"2018년 06월 12일","2.964","2.957","2.981","2.944","0.44%"
"2018년 06월 11일","2.952","2.952","2.970","2.950","0.00%"
"2018년 06월 10일","2.952","2.946","2.952","2.944","0.13%"
"2018년 06월 08일","2.948","2.941","2.950","2.889","0.88%"
"2018년 06월 07일","2.922","2.977","2.994","2.884","-1.73%"
"2018년 06월 06일","2.974","2.928","2.981","2.926","1.63%"
"2018년 06월 05일","2.926","2.939","2.942","2.900","-0.62%"
"2018년 06월 04일","2.944","2.908","2.946","2.902","1.32%"
"2018년 06월 03일","2.906","2.900","2.906","2.900","0.12%"
"2018년 06월 01일","2.902","2.862","2.926","2.860","1.46%"
"2018년 05월 31일","2.860","2.846","2.886","2.822","0.13%"
"2018년 05월 30일","2.857","2.763","2.888","2.763","2.40%"
"2018년 05월 29일","2.790","2.900","2.908","2.759","-3.75%"
"2018년 05월 28일","2.898","2.931","2.931","2.895","-1.12%"
"2018년 05월 25일","2.931","2.975","2.997","2.922","-1.54%"
"2018년 05월 24일","2.977","3.001","3.014","2.955","-0.55%"
"2018년 05월 23일","2.993","3.058","3.065","2.990","-2.28%"
"2018년 05월 22일","3.063","3.058","3.080","3.050","0.18%"
"2018년 05월 21일","3.058","3.080","3.084","3.054","-0.72%"
"2018년 05월 20일","3.080","3.060","3.080","3.060","0.66%"
"2018년 05월 18일","3.060","3.119","3.128","3.058","-1.78%"
"2018년 05월 17일","3.115","3.098","3.122","3.087","0.36%"
"2018년 05월 16일","3.104","3.070","3.104","3.058","1.03%"
"2018년 05월 15일","3.072","3.004","3.095","2.997","2.33%"
"2018년 05월 14일","3.002","2.975","3.004","2.959","0.92%"
"2018년 05월 13일","2.975","2.970","2.977","2.970","0.19%"
"2018년 05월 11일","2.970","2.966","2.982","2.948","0.19%"
"2018년 05월 10일","2.964","2.995","2.995","2.948","-1.40%"
"2018년 05월 09일","3.006","2.976","3.014","2.976","1.14%"
"2018년 05월 08일","2.972","2.952","2.987","2.944","0.70%"
"2018년 05월 07일","2.952","2.951","2.961","2.937","-0.06%"
"2018년 05월 06일","2.953","2.951","2.957","2.951","0.06%"
"2018년 05월 04일","2.951","2.950","2.965","2.911","0.13%"
"2018년 05월 03일","2.948","2.970","2.978","2.927","-0.94%"
"2018년 05월 02일","2.976","2.968","2.996","2.957","0.25%"
"2018년 05월 01일","2.968","2.959","2.979","2.949","0.44%"
"2018년 04월 30일","2.955","2.966","2.972","2.934","-0.13%"
"2018년 04월 29일","2.959","2.959","2.959","2.959","0.00%"
"2018년 04월 27일","2.959","2.987","2.988","2.955","-0.81%"
"2018년 04월 26일","2.983","3.024","3.033","2.981","-1.61%"
"2018년 04월 25일","3.032","2.994","3.035","2.990","1.07%"
"2018년 04월 24일","3.000","2.975","3.003","2.957","0.76%"
"2018년 04월 23일","2.977","2.968","2.998","2.962","0.32%"
"2018년 04월 22일","2.968","2.960","2.970","2.960","0.25%"
"2018년 04월 20일","2.960","2.917","2.962","2.904","1.60%"
"2018년 04월 19일","2.914","2.875","2.934","2.862","1.35%"
"2018년 04월 18일","2.875","2.829","2.876","2.823","1.56%"
"2018년 04월 17일","2.830","2.832","2.849","2.814","0.07%"
"2018년 04월 16일","2.829","2.841","2.865","2.825","-0.52%"
"2018년 04월 15일","2.843","2.825","2.845","2.825","0.65%"
"2018년 04월 13일","2.825","2.827","2.849","2.816","-0.64%"
"2018년 04월 12일","2.843","2.783","2.843","2.772","2.31%"
"2018년 04월 11일","2.779","2.803","2.805","2.755","-0.78%"
"2018년 04월 10일","2.801","2.783","2.812","2.779","0.72%"
"2018년 04월 09일","2.781","2.786","2.814","2.772","-0.20%"
"2018년 04월 08일","2.786","2.775","2.788","2.775","0.40%"
"2018년 04월 06일","2.775","2.817","2.830","2.768","-2.06%"
"2018년 04월 05일","2.834","2.808","2.838","2.805","0.91%"
"2018년 04월 04일","2.808","2.773","2.810","2.748","0.99%"
"2018년 04월 03일","2.781","2.737","2.790","2.735","1.73%"
"2018년 04월 02일","2.733","2.759","2.773","2.717","-0.99%"
"2018년 04월 01일","2.761","2.755","2.763","2.755","0.73%"
"2018년 03월 29일","2.741","2.784","2.792","2.739","-1.50%"
"2018년 03월 28일","2.783","2.781","2.790","2.743","0.26%"
"2018년 03월 27일","2.775","2.854","2.859","2.770","-2.69%"
"2018년 03월 26일","2.852","2.819","2.856","2.815","1.11%"
"2018년 03월 25일","2.821","2.817","2.823","2.817","0.26%"
"2018년 03월 23일","2.813","2.806","2.852","2.792","-0.32%"
"2018년 03월 22일","2.823","2.881","2.889","2.799","-2.03%"
"2018년 03월 21일","2.881","2.890","2.936","2.870","-0.63%"
"2018년 03월 20일","2.900","2.855","2.901","2.852","1.54%"
"2018년 03월 19일","2.855","2.857","2.879","2.833","0.00%"
"2018년 03월 18일","2.855","2.845","2.920","2.845","0.39%"
"2018년 03월 16일","2.845","2.830","2.859","2.810","0.65%"
"2018년 03월 15일","2.826","2.819","2.835","2.797","0.26%"
"2018년 03월 14일","2.819","2.841","2.857","2.801","-0.90%"
"2018년 03월 13일","2.844","2.872","2.883","2.830","-0.76%"
"2018년 03월 12일","2.866","2.905","2.910","2.863","-1.33%"
"2018년 03월 11일","2.905","2.896","2.908","2.896","0.32%"
"2018년 03월 09일","2.896","2.872","2.914","2.868","1.35%"
"2018년 03월 08일","2.857","2.885","2.892","2.848","-0.82%"
"2018년 03월 07일","2.881","2.848","2.888","2.842","-0.19%"
"2018년 03월 06일","2.886","2.880","2.906","2.857","0.13%"
"2018년 03월 05일","2.883","2.850","2.897","2.810","1.22%"
"2018년 03월 04일","2.848","2.850","2.850","2.846","-0.70%"
"2018년 03월 02일","2.868","2.819","2.870","2.793","2.01%"
"2018년 03월 01일","2.811","2.866","2.875","2.795","-1.84%"
"2018년 02월 28일","2.864","2.901","2.912","2.862","-1.26%"
"2018년 02월 27일","2.901","2.861","2.925","2.850","1.27%"
"2018년 02월 26일","2.864","2.875","2.875","2.831","-0.38%"
"2018년 02월 25일","2.875","2.866","2.879","2.866","0.32%"
"2018년 02월 23일","2.866","2.926","2.937","2.861","-1.81%"
"2018년 02월 22일","2.919","2.946","2.948","2.904","-1.12%"
"2018년 02월 21일","2.952","2.891","2.957","2.877","2.09%"
"2018년 02월 20일","2.891","2.891","2.928","2.884","0.07%"
"2018년 02월 19일","2.889","2.888","2.891","2.888","0.57%"
"2018년 02월 18일","2.873","2.873","2.873","2.873","0.00%"
"2018년 02월 16일","2.873","2.909","2.911","2.849","-1.13%"
"2018년 02월 15일","2.906","2.909","2.944","2.882","-0.25%"
"2018년 02월 14일","2.913","2.833","2.920","2.808","2.83%"
"2018년 02월 13일","2.833","2.855","2.862","2.822","-0.89%"
"2018년 02월 12일","2.859","2.902","2.902","2.828","0.07%"
"2018년 02월 11일","2.857","2.857","2.857","2.857","0.00%"
"2018년 02월 09일","2.857","2.829","2.864","2.786","1.03%"
"2018년 02월 08일","2.828","2.809","2.884","2.808","-0.23%"
"2018년 02월 07일","2.834","2.803","2.861","2.758","1.02%"
"2018년 02월 06일","2.805","2.730","2.807","2.648","3.55%"
"2018년 02월 05일","2.709","2.847","2.885","2.698","-4.77%"
"2018년 02월 04일","2.845","2.841","2.849","2.841","0.13%"
"2018년 02월 02일","2.841","2.790","2.854","2.783","2.12%"
"2018년 02월 01일","2.782","2.724","2.793","2.720","2.57%"
"2018년 01월 31일","2.713","2.720","2.754","2.696","-0.41%"
"2018년 01월 30일","2.724","2.703","2.733","2.681","0.90%"
"2018년 01월 29일","2.699","2.658","2.727","2.654","1.55%"
"2018년 01월 28일","2.658","2.662","2.662","2.658","-0.07%"
"2018년 01월 26일","2.660","2.622","2.673","2.621","1.35%"
"2018년 01월 25일","2.624","2.650","2.676","2.615","-0.91%"
"2018년 01월 24일","2.648","2.611","2.665","2.609","1.21%"
"2018년 01월 23일","2.617","2.656","2.659","2.611","-1.46%"
"2018년 01월 22일","2.656","2.661","2.672","2.632","-0.27%"
"2018년 01월 21일","2.663","2.661","2.665","2.659","0.07%"
"2018년 01월 19일","2.661","2.624","2.663","2.613","1.43%"
"2018년 01월 18일","2.624","2.590","2.627","2.585","1.43%"
"2018년 01월 17일","2.587","2.533","2.592","2.532","1.88%"
"2018년 01월 16일","2.539","2.553","2.563","2.522","-0.50%"
"2018년 01월 15일","2.552","2.550","2.552","2.550","0.07%"
"2018년 01월 12일","2.550","2.549","2.594","2.542","0.52%"
"2018년 01월 11일","2.537","2.553","2.570","2.526","-0.86%"
"2018년 01월 10일","2.559","2.551","2.597","2.544","0.29%"
"2018년 01월 09일","2.551","2.482","2.555","2.480","2.87%"
"2018년 01월 08일","2.480","2.480","2.489","2.462","0.15%"
"2018년 01월 07일","2.476","2.476","2.476","2.476","0.00%"
"2018년 01월 05일","2.476","2.458","2.480","2.433","0.97%"
"2018년 01월 04일","2.453","2.458","2.487","2.449","0.30%"
"2018년 01월 03일","2.445","2.465","2.472","2.440","-0.66%"
"2018년 01월 02일","2.461","2.429","2.481","2.416","2.33%"
"2018년 01월 01일","2.405","2.405","2.405","2.405","0.00%"
"2017년 12월 29일","2.405","2.434","2.441","2.405","-1.18%"
"2017년 12월 28일","2.434","2.421","2.441","2.420","0.90%"
"2017년 12월 27일","2.412","2.477","2.479","2.407","-2.48%"
"2017년 12월 26일","2.474","2.492","2.497","2.459","-0.73%"
"2017년 12월 25일","2.492","2.488","2.496","2.488","0.29%"
"2017년 12월 22일","2.485","2.484","2.492","2.477","0.00%"
"2017년 12월 21일","2.484","2.493","2.504","2.479","-0.50%"
"2017년 12월 20일","2.497","2.457","2.503","2.446","1.55%"
"2017년 12월 19일","2.459","2.398","2.472","2.389","2.71%"
"2017년 12월 18일","2.394","2.369","2.398","2.364","1.06%"
"2017년 12월 17일","2.369","2.362","2.369","2.362","0.76%"
"2017년 12월 16일","2.351","2.351","2.351","2.351","0.00%"
"2017년 12월 15일","2.351","2.353","2.380","2.346","0.08%"
"2017년 12월 14일","2.349","2.353","2.389","2.344","0.08%"
"2017년 12월 13일","2.348","2.399","2.426","2.344","-2.31%"
"2017년 12월 12일","2.403","2.388","2.421","2.376","0.53%"
"2017년 12월 11일","2.390","2.383","2.390","2.353","0.23%"
"2017년 12월 10일","2.385","2.378","2.387","2.378","0.30%"
"2017년 12월 08일","2.378","2.374","2.392","2.362","0.69%"
"2017년 12월 07일","2.362","2.340","2.376","2.322","0.91%"
"2017년 12월 06일","2.340","2.356","2.363","2.314","-0.53%"
"2017년 12월 05일","2.353","2.378","2.395","2.353","-0.83%"
"2017년 12월 04일","2.372","2.421","2.421","2.371","-1.99%"
"2017년 12월 03일","2.421","2.412","2.421","2.410","2.42%"
"2017년 12월 01일","2.363","2.411","2.424","2.315","-2.14%"
"2017년 11월 30일","2.415","2.386","2.437","2.379","1.12%"
"2017년 11월 29일","2.388","2.331","2.395","2.321","2.68%"
"2017년 11월 28일","2.326","2.331","2.342","2.310","-0.23%"
"2017년 11월 27일","2.331","2.342","2.354","2.324","-0.45%"
"2017년 11월 26일","2.342","2.345","2.345","2.342","0.07%"
"2017년 11월 24일","2.340","2.326","2.352","2.324","0.61%"
"2017년 11월 23일","2.326","2.326","2.328","2.324","0.23%"
"2017년 11월 22일","2.320","2.352","2.375","2.319","-1.58%"
"2017년 11월 21일","2.358","2.359","2.374","2.335","-0.45%"
"2017년 11월 20일","2.368","2.340","2.372","2.324","1.29%"
"2017년 11월 19일","2.338","2.335","2.340","2.335","-0.30%"
"2017년 11월 17일","2.345","2.374","2.377","2.336","-1.27%"
"2017년 11월 16일","2.375","2.324","2.379","2.322","2.13%"
"2017년 11월 15일","2.326","2.374","2.375","2.319","-2.09%"
"2017년 11월 14일","2.375","2.402","2.414","2.372","-1.33%"
"2017년 11월 13일","2.407","2.400","2.411","2.370","0.37%"
"2017년 11월 12일","2.398","2.402","2.402","2.397","-0.15%"
"2017년 11월 10일","2.402","2.340","2.405","2.336","2.66%"
"2017년 11월 09일","2.340","2.326","2.345","2.315","0.24%"
"2017년 11월 08일","2.334","2.304","2.336","2.304","0.78%"
"2017년 11월 07일","2.316","2.320","2.340","2.304","-0.08%"
"2017년 11월 06일","2.318","2.345","2.354","2.315","-1.08%"
"2017년 11월 05일","2.343","2.332","2.343","2.332","0.46%"
"2017년 11월 03일","2.332","2.349","2.361","2.323","-0.69%"
"2017년 11월 02일","2.349","2.370","2.379","2.336","-0.99%"
"2017년 11월 01일","2.372","2.379","2.401","2.349","-0.23%"
"2017년 10월 31일","2.378","2.363","2.385","2.358","0.30%"
"2017년 10월 30일","2.370","2.403","2.414","2.367","-1.43%"
"2017년 10월 29일","2.405","2.415","2.415","2.405","-0.45%"
"2017년 10월 27일","2.415","2.455","2.477","2.408","-1.92%"
"2017년 10월 26일","2.463","2.428","2.463","2.408","1.13%"
"2017년 10월 25일","2.435","2.417","2.475","2.414","0.60%"
"2017년 10월 24일","2.421","2.368","2.428","2.365","2.14%"
"2017년 10월 23일","2.370","2.394","2.397","2.363","-0.98%"
"2017년 10월 22일","2.394","2.383","2.395","2.383","0.45%"
"2017년 10월 20일","2.383","2.318","2.392","2.316","2.80%"
"2017년 10월 19일","2.318","2.343","2.346","2.298","-1.15%"
"2017년 10월 18일","2.345","2.302","2.352","2.298","1.87%"
"2017년 10월 17일","2.302","2.302","2.329","2.296","-0.16%"
"2017년 10월 16일","2.305","2.289","2.312","2.278","0.70%"
"2017년 10월 15일","2.289","2.275","2.291","2.275","0.63%"
"2017년 10월 13일","2.275","2.325","2.334","2.273","-2.00%"
"2017년 10월 12일","2.321","2.346","2.348","2.318","-1.37%"
"2017년 10월 11일","2.353","2.357","2.366","2.332","-0.08%"
"2017년 10월 10일","2.355","2.362","2.372","2.319","-0.23%"
"2017년 10월 09일","2.361","2.361","2.364","2.361","0.00%"
"2017년 10월 06일","2.361","2.350","2.402","2.348","0.54%"
"2017년 10월 05일","2.348","2.332","2.359","2.319","1.08%"
"2017년 10월 04일","2.323","2.328","2.348","2.300","-0.08%"
"2017년 10월 03일","2.325","2.343","2.364","2.321","-0.69%"
"2017년 10월 02일","2.341","2.344","2.371","2.318","-0.07%"
"2017년 10월 01일","2.342","2.339","2.344","2.339","0.15%"
"2017년 09월 29일","2.339","2.314","2.341","2.296","1.32%"
"2017년 09월 28일","2.309","2.307","2.359","2.301","-0.08%"
"2017년 09월 27일","2.310","2.239","2.316","2.237","3.34%"
"2017년 09월 26일","2.236","2.222","2.248","2.214","0.63%"
"2017년 09월 25일","2.222","2.260","2.262","2.214","-1.80%"
"2017년 09월 24일","2.262","2.257","2.264","2.257","0.39%"
"2017년 09월 22일","2.253","2.275","2.276","2.239","-1.09%"
"2017년 09월 21일","2.278","2.278","2.282","2.245","0.23%"
"2017년 09월 20일","2.273","2.241","2.289","2.222","1.18%"
"2017년 09월 19일","2.246","2.227","2.246","2.213","0.55%"
"2017년 09월 18일","2.234","2.207","2.237","2.207","1.44%"
"2017년 09월 17일","2.202","2.202","2.202","2.202","0.00%"
"2017년 09월 15일","2.202","2.178","2.213","2.176","0.72%"
"2017년 09월 14일","2.187","2.187","2.225","2.183","-0.32%"
"2017년 09월 13일","2.194","2.165","2.201","2.153","1.21%"
"2017년 09월 12일","2.167","2.127","2.180","2.125","1.56%"
"2017년 09월 11일","2.134","2.089","2.138","2.084","2.16%"
"2017년 09월 10일","2.089","2.054","2.091","2.054","1.69%"
"2017년 09월 08일","2.054","2.044","2.075","2.016","0.58%"
"2017년 09월 07일","2.042","2.101","2.101","2.034","-3.05%"
"2017년 09월 06일","2.106","2.060","2.110","2.054","2.10%"
"2017년 09월 05일","2.063","2.134","2.148","2.061","-4.74%"
"2017년 09월 03일","2.166","2.166","2.166","2.166","0.00%"
"2017년 09월 01일","2.166","2.127","2.169","2.099","2.13%"
"2017년 08월 31일","2.121","2.143","2.154","2.119","-0.73%"
"2017년 08월 30일","2.136","2.135","2.155","2.131","0.33%"
"2017년 08월 29일","2.129","2.128","2.143","2.086","-1.38%"
"2017년 08월 28일","2.159","2.176","2.180","2.155","-0.72%"
"2017년 08월 27일","2.175","2.175","2.176","2.175","0.24%"
"2017년 08월 25일","2.169","2.194","2.203","2.162","-1.19%"
"2017년 08월 24일","2.196","2.175","2.197","2.173","1.21%"
"2017년 08월 23일","2.169","2.218","2.224","2.166","-2.13%"
"2017년 08월 22일","2.217","2.189","2.220","2.187","1.52%"
"2017년 08월 21일","2.183","2.208","2.208","2.177","-1.19%"
"2017년 08월 20일","2.210","2.197","2.210","2.197","0.56%"
"2017년 08월 18일","2.197","2.194","2.211","2.162","0.55%"
"2017년 08월 17일","2.185","2.229","2.247","2.182","-1.81%"
"2017년 08월 16일","2.226","2.269","2.285","2.220","-2.08%"
"2017년 08월 15일","2.273","2.227","2.283","2.226","2.21%"
"2017년 08월 14일","2.224","2.197","2.229","2.197","1.11%"
"2017년 08월 13일","2.199","2.191","2.201","2.191","0.40%"
"2017년 08월 11일","2.191","2.201","2.222","2.182","-0.48%"
"2017년 08월 10일","2.201","2.250","2.255","2.197","-2.15%"
"2017년 08월 09일","2.249","2.253","2.258","2.212","-0.55%"
"2017년 08월 08일","2.262","2.257","2.290","2.253","0.23%"
"2017년 08월 07일","2.257","2.271","2.283","2.253","-0.71%"
"2017년 08월 06일","2.273","2.264","2.273","2.264","0.40%"
"2017년 08월 04일","2.264","2.225","2.290","2.219","2.00%"
"2017년 08월 03일","2.219","2.267","2.269","2.218","-2.27%"
"2017년 08월 02일","2.271","2.259","2.283","2.243","0.79%"
"2017년 08월 01일","2.253","2.303","2.321","2.251","-1.86%"
"2017년 07월 31일","2.296","2.282","2.305","2.273","0.63%"
"2017년 07월 30일","2.282","2.291","2.291","2.282","-0.39%"
"2017년 07월 28일","2.291","2.303","2.337","2.287","-1.24%"
"2017년 07월 27일","2.319","2.284","2.328","2.275","1.17%"
"2017년 07월 26일","2.293","2.335","2.337","2.278","-1.69%"
"2017년 07월 25일","2.332","2.259","2.337","2.248","3.31%"
"2017년 07월 24일","2.257","2.230","2.261","2.229","1.11%"
"2017년 07월 23일","2.232","2.237","2.237","2.230","-0.24%"
"2017년 07월 21일","2.237","2.266","2.270","2.225","-0.87%"
"2017년 07월 20일","2.257","2.268","2.275","2.238","-0.63%"
"2017년 07월 19일","2.271","2.268","2.282","2.255","0.47%"
"2017년 07월 18일","2.261","2.312","2.316","2.257","-2.31%"
"2017년 07월 17일","2.314","2.328","2.335","2.300","-0.76%"
"2017년 07월 16일","2.332","2.332","2.332","2.332","0.00%"
"2017년 07월 14일","2.332","2.352","2.357","2.279","-0.69%"
"2017년 07월 13일","2.348","2.321","2.366","2.305","1.23%"
"2017년 07월 12일","2.319","2.359","2.359","2.302","-1.74%"
"2017년 07월 11일","2.361","2.380","2.395","2.355","-0.53%"
"2017년 07월 10일","2.373","2.387","2.393","2.362","-0.53%"
"2017년 07월 09일","2.386","2.387","2.389","2.386","0.00%"
"2017년 07월 07일","2.386","2.371","2.398","2.362","0.76%"
"2017년 07월 06일","2.368","2.332","2.391","2.320","1.76%"
"2017년 07월 05일","2.327","2.336","2.357","2.321","-0.30%"
"2017년 07월 04일","2.334","2.337","2.337","2.334","-0.61%"
"2017년 07월 03일","2.348","2.314","2.353","2.289","1.38%"
"2017년 07월 02일","2.316","2.304","2.318","2.304","0.54%"
"2017년 07월 01일","2.304","2.304","2.304","2.304","0.00%"
"2017년 06월 30일","2.304","2.268","2.309","2.261","1.64%"
"2017년 06월 29일","2.267","2.226","2.297","2.221","1.82%"
"2017년 06월 28일","2.226","2.200","2.258","2.195","1.03%"
"2017년 06월 27일","2.203","2.142","2.216","2.126","3.19%"
"2017년 06월 26일","2.135","2.144","2.161","2.121","-0.49%"
"2017년 06월 25일","2.146","2.144","2.146","2.144","0.08%"
"2017년 06월 23일","2.144","2.151","2.167","2.142","-0.17%"
"2017년 06월 22일","2.148","2.162","2.167","2.139","-0.80%"
"2017년 06월 21일","2.165","2.164","2.177","2.144","0.40%"
"2017년 06월 20일","2.157","2.195","2.197","2.151","-1.59%"
"2017년 06월 19일","2.191","2.158","2.193","2.139","1.61%"
"2017년 06월 18일","2.157","2.155","2.157","2.155","0.16%"
"2017년 06월 16일","2.153","2.167","2.179","2.144","-0.49%"
"2017년 06월 15일","2.164","2.125","2.172","2.125","1.71%"
"2017년 06월 14일","2.127","2.211","2.211","2.103","-3.78%"
"2017년 06월 13일","2.211","2.218","2.227","2.200","-0.16%"
"2017년 06월 12일","2.214","2.213","2.223","2.187","0.16%"
"2017년 06월 11일","2.211","2.202","2.213","2.202","0.40%"
"2017년 06월 09일","2.202","2.174","2.228","2.166","0.47%"
"2017년 06월 08일","2.192","2.185","2.215","2.178","0.72%"
"2017년 06월 07일","2.176","2.154","2.183","2.145","1.45%"
"2017년 06월 06일","2.145","2.180","2.180","2.129","-1.75%"
"2017년 06월 05일","2.183","2.161","2.189","2.154","1.13%"
"2017년 06월 04일","2.159","2.154","2.161","2.154","0.00%"
"2017년 06월 02일","2.159","2.217","2.224","2.144","-2.44%"
"2017년 06월 01일","2.213","2.213","2.239","2.208","0.31%"
"2017년 05월 31일","2.206","2.220","2.232","2.196","-0.08%"
"2017년 05월 30일","2.208","2.245","2.248","2.208","-1.56%"
"2017년 05월 29일","2.243","2.243","2.247","2.241","-0.31%"
"2017년 05월 26일","2.250","2.255","2.255","2.231","-0.24%"
"2017년 05월 25일","2.255","2.257","2.269","2.243","0.16%"
"2017년 05월 24일","2.252","2.283","2.297","2.248","-1.31%"
"2017년 05월 23일","2.282","2.234","2.290","2.226","1.32%"
"2017년 05월 22일","2.252","2.245","2.256","2.238","0.23%"
"2017년 05월 21일","2.247","2.245","2.247","2.243","0.55%"
"2017년 05월 19일","2.235","2.231","2.261","2.224","0.31%"
"2017년 05월 18일","2.228","2.236","2.250","2.181","0.23%"
"2017년 05월 17일","2.223","2.298","2.306","2.212","-4.44%"
"2017년 05월 16일","2.326","2.340","2.361","2.306","-0.75%"
"2017년 05월 15일","2.343","2.326","2.352","2.320","0.83%"
"2017년 05월 14일","2.324","2.326","2.326","2.322","-0.07%"
"2017년 05월 12일","2.326","2.389","2.393","2.322","-2.80%"
"2017년 05월 11일","2.393","2.400","2.423","2.389","-0.74%"
"2017년 05월 10일","2.411","2.390","2.416","2.369","0.53%"
"2017년 05월 09일","2.398","2.389","2.416","2.378","0.38%"
"2017년 05월 08일","2.389","2.361","2.390","2.327","1.23%"
"2017년 05월 07일","2.360","2.351","2.361","2.351","0.39%"
"2017년 05월 05일","2.351","2.343","2.381","2.338","-0.08%"
"2017년 05월 04일","2.352","2.325","2.368","2.325","1.32%"
"2017년 05월 03일","2.322","2.293","2.327","2.279","1.50%"
"2017년 05월 02일","2.287","2.320","2.340","2.282","-1.47%"
"2017년 05월 01일","2.322","2.282","2.338","2.280","1.82%"
"2017년 04월 30일","2.280","2.289","2.289","2.275","-0.39%"
"2017년 04월 28일","2.289","2.295","2.338","2.279","-0.47%"
"2017년 04월 27일","2.300","2.313","2.322","2.282","-0.16%"
"2017년 04월 26일","2.303","2.334","2.350","2.302","-1.31%"
"2017년 04월 25일","2.334","2.270","2.343","2.270","2.68%"
"2017년 04월 24일","2.273","2.314","2.325","2.266","1.19%"
"2017년 04월 22일","2.246","2.246","2.246","2.246","0.00%"
"2017년 04월 21일","2.246","2.243","2.250","2.209","0.48%"
"2017년 04월 20일","2.236","2.207","2.257","2.198","0.88%"
"2017년 04월 19일","2.216","2.182","2.225","2.175","2.04%"
"2017년 04월 18일","2.172","2.255","2.259","2.165","-3.39%"
"2017년 04월 17일","2.248","2.200","2.260","2.198","2.27%"
"2017년 04월 16일","2.198","2.200","2.200","2.197","-1.51%"
"2017년 04월 13일","2.232","2.248","2.271","2.218","-0.56%"
"2017년 04월 12일","2.244","2.300","2.310","2.239","-2.33%"
"2017년 04월 11일","2.298","2.353","2.357","2.293","-2.88%"
"2017년 04월 10일","2.366","2.384","2.395","2.346","-0.68%"
"2017년 04월 09일","2.382","2.384","2.386","2.380","0.00%"
"2017년 04월 07일","2.382","2.348","2.386","2.269","1.77%"
"2017년 04월 06일","2.341","2.332","2.368","2.326","0.08%"
"2017년 04월 05일","2.339","2.361","2.384","2.325","-1.06%"
"2017년 04월 04일","2.364","2.326","2.364","2.314","1.77%"
"2017년 04월 03일","2.323","2.396","2.405","2.321","-2.99%"
"2017년 04월 02일","2.395","2.396","2.398","2.395","0.23%"
"2017년 03월 31일","2.389","2.414","2.431","2.387","-1.33%"
"2017년 03월 30일","2.421","2.385","2.425","2.373","1.74%"
"2017년 03월 29일","2.380","2.425","2.427","2.378","-1.63%"
"2017년 03월 28일","2.420","2.382","2.421","2.357","1.74%"
"2017년 03월 27일","2.378","2.382","2.384","2.348","-0.23%"
"2017년 03월 26일","2.384","2.418","2.418","2.378","-1.41%"
"2017년 03월 24일","2.418","2.418","2.438","2.393","0.00%"
"2017년 03월 23일","2.418","2.409","2.437","2.387","0.60%"
"2017년 03월 22일","2.403","2.414","2.425","2.375","-0.52%"
"2017년 03월 21일","2.416","2.466","2.499","2.416","-1.90%"
"2017년 03월 20일","2.463","2.508","2.513","2.463","-1.52%"
"2017년 03월 19일","2.500","2.500","2.500","2.500","0.00%"
"2017년 03월 18일","2.500","2.500","2.500","2.500","0.00%"
"2017년 03월 17일","2.500","2.544","2.544","2.490","-1.42%"
"2017년 03월 16일","2.537","2.497","2.542","2.486","1.45%"
"2017년 03월 15일","2.500","2.598","2.600","2.495","-3.91%"
"2017년 03월 14일","2.602","2.620","2.629","2.588","-0.90%"
"2017년 03월 13일","2.626","2.584","2.628","2.558","1.70%"
"2017년 03월 12일","2.582","2.575","2.586","2.575","0.28%"
"2017년 03월 10일","2.575","2.613","2.624","2.575","-1.32%"
"2017년 03월 09일","2.609","2.560","2.609","2.558","1.93%"
"2017년 03월 08일","2.560","2.520","2.583","2.507","1.66%"
"2017년 03월 07일","2.518","2.494","2.520","2.491","0.95%"
"2017년 03월 06일","2.494","2.474","2.507","2.457","0.73%"
"2017년 03월 05일","2.476","2.480","2.482","2.476","-0.22%"
"2017년 03월 03일","2.482","2.483","2.521","2.471","0.00%"
"2017년 03월 02일","2.481","2.467","2.505","2.453","0.96%"
"2017년 03월 01일","2.458","2.415","2.471","2.397","2.54%"
"2017년 02월 28일","2.397","2.363","2.401","2.336","1.28%"
"2017년 02월 27일","2.367","2.324","2.370","2.317","1.91%"
"2017년 02월 26일","2.322","2.321","2.322","2.317","0.31%"
"2017년 02월 24일","2.315","2.377","2.384","2.310","-2.54%"
"2017년 02월 23일","2.375","2.417","2.420","2.372","-1.62%"
"2017년 02월 22일","2.415","2.438","2.454","2.391","-0.66%"
"2017년 02월 21일","2.431","2.436","2.461","2.413","-0.22%"
"2017년 02월 20일","2.436","2.420","2.438","2.420","0.67%"
"2017년 02월 17일","2.420","2.457","2.465","2.400","-1.09%"
"2017년 02월 16일","2.447","2.499","2.499","2.438","-2.01%"
"2017년 02월 15일","2.497","2.479","2.524","2.466","1.02%"
"2017년 02월 14일","2.472","2.436","2.502","2.427","1.47%"
"2017년 02월 13일","2.436","2.423","2.452","2.416","0.44%"
"2017년 02월 12일","2.425","2.409","2.429","2.409","0.66%"
"2017년 02월 10일","2.409","2.400","2.434","2.397","0.52%"