,date,WTI,Brent,Dubai
1,2022-02-16,93.66,94.81,92.60
2,2022-02-15,92.07,93.28,93.05
3,2022-02-14,95.46,96.48,92.72
4,2022-02-11,93.10,94.44,90.25
5,2022-02-10,89.88,91.41,90.60
6,2022-02-09,89.66,91.55,89.39
7,2022-02-08,89.36,90.78,90.42
8,2022-02-07,91.32,92.69,90.91
9,2022-02-04,92.31,93.27,90.22
10,2022-02-03,90.27,91.11,87.46
1,2022-01-31,88.15,91.21,88.39
2,2022-01-28,86.82,90.03,87.58
3,2022-01-27,86.61,89.34,87.80
4,2022-01-26,87.35,89.96,86.77
5,2022-01-25,85.60,88.20,84.86
6,2022-01-24,83.31,86.27,86.71
7,2022-01-21,85.14,87.89,85.14
8,2022-01-20,86.90,88.38,86.35
9,2022-01-19,86.96,88.44,86.37
10,2022-01-18,85.43,87.51,86.58
11,2022-01-17,N.A,86.48,84.92
12,2022-01-14,83.82,86.06,83.75
13,2022-01-13,82.12,84.47,82.96
14,2022-01-12,82.64,84.67,82.19
15,2022-01-11,81.22,83.72,79.97
16,2022-01-10,78.23,80.87,80.36
17,2022-01-07,78.90,81.75,80.55
18,2022-01-06,79.46,81.99,78.83
19,2022-01-05,77.85,80.80,78.40
20,2022-01-04,76.99,80.00,77.51
21,2022-01-03,76.08,78.98,76.88
1,2021-12-31,75.21,77.78,77.12
2,2021-12-30,76.99,79.32,77.24
3,2021-12-29,76.56,79.23,76.91
4,2021-12-28,75.98,78.94,76.47
6,2021-12-24,N.A,76.14,74.37
7,2021-12-23,73.79,76.85,73.54
8,2021-12-22,72.76,75.29,72.56
9,2021-12-21,71.12,73.98,70.56
10,2021-12-20,68.23,71.52,70.11
11,2021-12-17,70.86,73.52,73.36
12,2021-12-16,72.38,75.02,73.37
13,2021-12-15,70.87,73.88,72.01
14,2021-12-14,70.73,73.70,73.39
15,2021-12-13,71.29,74.39,74.11
16,2021-12-10,71.67,75.15,72.72
17,2021-12-09,70.94,74.42,74.48
18,2021-12-08,72.36,75.82,73.83
19,2021-12-07,72.05,75.44,73.22
20,2021-12-06,69.49,73.08,70.12
21,2021-12-03,66.26,69.88,70.79
22,2021-12-02,66.50,69.67,69.13
23,2021-12-01,65.57,68.87,71.13
1,2021-11-30,66.18,70.57,71.88
2,2021-11-29,69.95,73.44,75.17
3,2021-11-26,68.15,72.72,77.38
4,2021-11-25,N.A,82.22,81.44
5,2021-11-24,78.39,82.25,81.86
6,2021-11-23,78.50,82.31,78.47
7,2021-11-22,76.75,79.70,78.42
8,2021-11-19,76.10,78.89,80.89
9,2021-11-18,79.01,81.24,78.66
10,2021-11-17,78.36,80.28,81.01
11,2021-11-16,80.76,82.43,81.96
12,2021-11-15,80.88,82.05,80.89
13,2021-11-12,80.79,82.17,81.57
14,2021-11-11,81.59,82.87,81.83
15,2021-11-10,81.34,82.64,83.97
16,2021-11-09,84.15,84.78,82.24
17,2021-11-08,81.93,83.43,81.99
18,2021-11-05,81.27,82.74,79.48
20,2021-11-03,80.86,81.99,81.89
21,2021-11-02,83.91,84.72,83.31
22,2021-11-01,84.05,84.71,81.99
1,2021-10-29,83.57,84.38,82.57
2,2021-10-28,82.81,84.32,81.91
3,2021-10-27,82.66,84.58,83.46
4,2021-10-26,84.65,86.40,83.94
5,2021-10-25,N.A,85.99,84.37
6,2021-10-22,83.76,85.53,82.57
7,2021-10-21,82.50,84.61,83.12
8,2021-10-20,83.87,85.82,82.56
9,2021-10-19,82.96,85.08,83.03
10,2021-10-18,82.44,84.33,83.89
11,2021-10-15,82.28,84.46,82.99
12,2021-10-14,81.31,84.00,82.28
13,2021-10-13,80.44,83.18,81.43
14,2021-10-12,80.64,83.42,82.07
15,2021-10-11,80.52,83.65,82.03
16,2021-10-08,79.35,82.39,81.23
17,2021-10-07,78.30,81.95,77.41
18,2021-10-06,77.43,81.08,80.55
19,2021-10-05,78.93,82.56,79.57
20,2021-10-04,77.62,81.26,77.17
21,2021-10-01,75.88,79.28,75.68
1,2021-09-30,75.03,78.52,75.92
2,2021-09-29,74.83,78.64,75.70
3,2021-09-28,75.29,79.09,77.34
4,2021-09-27,75.45,79.53,76.17
5,2021-09-24,73.98,78.09,74.77
6,2021-09-23,73.30,77.25,74.11
7,2021-09-22,72.23,76.19,73.30
8,2021-09-21,70.56,74.36,72.90
9,2021-09-20,70.29,73.92,72.13
10,2021-09-17,71.97,75.34,73.06
11,2021-09-16,72.61,75.67,73.09
12,2021-09-15,72.61,75.46,72.26
13,2021-09-14,70.46,73.60,72.29
14,2021-09-13,70.45,73.51,71.73
15,2021-09-10,69.72,72.92,70.85
16,2021-09-09,68.14,71.45,70.65
17,2021-09-08,69.30,72.60,69.78
18,2021-09-07,68.35,71.69,70.35
19,2021-09-06,N.A,72.22,69.99
20,2021-09-03,69.29,72.61,71.26
21,2021-09-02,69.99,73.03,69.74
22,2021-09-01,68.59,71.59,70.43
1,2021-08-31,68.50,72.99,71.19
2,2021-08-30,69.21,73.41,71.13
3,2021-08-27,68.74,72.70,70.76
4,2021-08-26,67.42,71.07,70.11
5,2021-08-25,68.36,72.25,69.69
6,2021-08-24,67.54,71.05,68.70
7,2021-08-23,65.64,68.75,66.09
8,2021-08-20,62.32,65.18,65.37
9,2021-08-19,63.69,66.45,65.35
10,2021-08-18,65.46,68.23,68.58
11,2021-08-17,66.59,69.03,68.45
12,2021-08-16,67.29,69.51,68.90
13,2021-08-13,68.44,70.59,70.03
14,2021-08-12,69.09,71.31,70.52
15,2021-08-11,69.25,71.44,69.77
16,2021-08-10,68.29,70.63,68.91
18,2021-08-06,68.28,70.70,70.72
19,2021-08-05,69.09,71.29,68.80
20,2021-08-04,68.15,70.38,71.37
21,2021-08-03,70.56,72.41,71.88
22,2021-08-02,71.26,72.89,73.28
1,2021-07-30,73.95,76.33,73.90
2,2021-07-29,73.62,76.05,73.68
3,2021-07-28,72.39,74.74,72.82
4,2021-07-27,71.65,74.48,73.02
5,2021-07-26,71.91,74.50,71.59
6,2021-07-23,72.07,74.10,72.25
7,2021-07-22,71.91,73.79,71.43
8,2021-07-21,70.30,72.23,68.67
10,2021-07-19,66.42,68.62,71.68
11,2021-07-16,71.81,73.59,72.18
12,2021-07-15,71.65,73.47,72.23
13,2021-07-14,73.13,74.76,74.72
14,2021-07-13,75.25,76.49,74.36
15,2021-07-12,74.10,75.16,73.54
16,2021-07-09,74.56,75.55,73.03
17,2021-07-08,72.94,74.12,70.63
18,2021-07-07,72.20,73.43,73.29
19,2021-07-06,73.37,74.53,75.88
20,2021-07-05,N.A,77.16,74.68
21,2021-07-02,75.16,76.17,74.09
22,2021-07-01,75.23,75.84,73.85
1,2021-06-30,73.47,75.13,72.87
2,2021-06-29,72.98,74.76,72.85
3,2021-06-28,72.91,74.68,73.88
4,2021-06-25,74.05,76.18,73.46
5,2021-06-24,73.30,75.56,73.73
6,2021-06-23,73.08,75.19,73.43
7,2021-06-22,73.06,74.81,72.52
8,2021-06-21,73.66,74.90,71.79
9,2021-06-18,71.64,73.51,70.98
10,2021-06-17,71.04,73.08,72.35
11,2021-06-16,72.15,74.39,72.78
12,2021-06-15,72.12,73.99,71.79
13,2021-06-14,70.88,72.86,72.01
14,2021-06-11,70.91,72.69,71.18
15,2021-06-10,70.29,72.52,70.71
16,2021-06-09,69.96,N.A,71.14
17,2021-06-08,70.05,72.22,69.34
18,2021-06-07,69.23,71.49,70.03
19,2021-06-04,69.62,71.89,70.10
20,2021-06-03,68.81,71.31,69.97
21,2021-06-02,68.83,71.35,69.21
22,2021-06-01,67.72,70.25,69.10
1,2021-05-31,N.A,69.32,67.94
2,2021-05-28,66.32,69.63,67.41
3,2021-05-27,66.85,69.46,66.41
5,2021-05-25,66.07,68.65,67.37
6,2021-05-24,66.05,68.46,66.26
7,2021-05-21,63.58,66.44,63.25
8,2021-05-20,62.05,65.11,65.03
9,2021-05-19,63.36,66.66,66.11
10,2021-05-18,65.49,68.71,68.41
11,2021-05-17,66.27,69.46,67.17
12,2021-05-14,65.37,68.71,65.26
14,2021-05-12,66.08,69.32,66.56
15,2021-05-11,65.28,68.55,65.54
16,2021-05-10,64.92,68.32,66.74
17,2021-05-07,64.90,68.28,65.90
18,2021-05-06,64.71,68.09,67.17
19,2021-05-05,65.63,68.96,67.76
20,2021-05-04,65.69,68.88,65.83
21,2021-05-03,64.49,67.56,64.38
1,2021-04-30,63.58,67.25,65.27
2,2021-04-29,65.01,68.56,65.10
3,2021-04-28,63.86,67.27,63.57
4,2021-04-27,62.94,66.42,63.27
5,2021-04-26,61.91,65.65,62.37
6,2021-04-23,62.14,66.11,62.93
7,2021-04-22,61.43,65.40,62.25
8,2021-04-21,61.35,65.32,63.71
9,2021-04-20,62.44,66.57,65.74
10,2021-04-19,63.38,67.05,64.83
11,2021-04-16,63.13,66.77,65.12
12,2021-04-15,63.46,66.94,64.17
13,2021-04-14,63.15,66.58,62.56
14,2021-04-13,60.18,63.67,61.58
15,2021-04-12,59.70,63.28,61.10
16,2021-04-09,59.32,62.95,60.94
17,2021-04-08,59.60,63.20,61.24
18,2021-04-07,59.77,63.16,60.88
19,2021-04-06,59.33,62.74,61.34
20,2021-04-05,58.65,62.15,61.91
21,2021-04-01,61.45,64.86,61.51
1,2021-03-31,59.16,63.54,63.36
2,2021-03-30,60.55,64.14,63.90
3,2021-03-29,61.56,64.98,63.11
4,2021-03-26,60.97,64.57,62.07
5,2021-03-25,58.56,61.95,62.43
6,2021-03-24,61.18,64.41,60.98
7,2021-03-23,57.76,60.79,63.00
8,2021-03-22,61.55,64.62,63.18
9,2021-03-19,61.42,64.53,62.20
10,2021-03-18,60.00,63.28,65.29
11,2021-03-17,64.60,68.00,66.57
12,2021-03-16,64.80,68.39,66.46
13,2021-03-15,65.39,68.88,68.25
14,2021-03-12,65.61,69.22,67.90
15,2021-03-11,66.02,69.63,66.82
16,2021-03-10,64.44,67.90,65.30
17,2021-03-09,64.01,67.52,66.40
18,2021-03-08,65.05,68.24,68.32
19,2021-03-05,66.09,69.36,66.37
20,2021-03-04,63.83,66.74,63.11
21,2021-03-03,61.28,64.07,61.44
22,2021-03-02,59.75,62.70,61.41
23,2021-03-01,60.64,63.69,64.23
1,2021-02-25,63.53,66.88,65.39
2,2021-02-24,63.22,67.04,62.89
3,2021-02-23,61.67,65.37,63.54
4,2021-02-22,61.49,65.24,61.28
5,2021-02-19,59.24,62.91,60.83
6,2021-02-18,60.52,63.93,63.26
7,2021-02-17,61.14,64.34,62.80
8,2021-02-16,60.05,63.35,62.30
9,2021-02-15,N.A,63.30,62.48
11,2021-02-11,58.24,61.14,60.54
12,2021-02-10,58.68,61.47,60.39
13,2021-02-09,58.36,61.09,60.49
14,2021-02-08,57.97,60.56,59.80
15,2021-02-05,56.85,59.34,58.94
16,2021-02-04,56.23,58.84,58.36
17,2021-02-03,55.69,58.46,57.64
18,2021-02-02,54.76,57.46,56.77
19,2021-02-01,53.55,56.35,55.00
1,2021-01-29,52.20,55.88,54.65
2,2021-01-28,52.34,55.53,54.77
3,2021-01-27,52.85,55.81,55.74
4,2021-01-26,52.61,55.91,55.32
5,2021-01-25,52.77,55.88,55.41
6,2021-01-22,52.27,55.41,55.20
7,2021-01-21,53.13,56.10,55.49
8,2021-01-20,53.24,56.08,56.24
9,2021-01-19,52.98,55.90,55.19
10,2021-01-18,N.A,54.75,54.19
11,2021-01-15,52.36,55.10,55.39
12,2021-01-14,53.57,56.42,55.70
13,2021-01-13,52.91,56.06,56.44
14,2021-01-12,53.21,56.58,55.71
15,2021-01-11,52.25,55.66,55.33
16,2021-01-08,52.24,55.99,54.58
17,2021-01-07,50.83,54.38,54.52
18,2021-01-06,50.63,54.30,53.51
19,2021-01-05,49.93,53.60,50.50
20,2021-01-04,47.62,51.09,52.49
1,2020-12-31,48.52,51.80,51.14
2,2020-12-30,48.40,51.34,51.05
3,2020-12-29,48.00,51.09,50.97
4,2020-12-28,47.62,50.86,51.07
5,2020-12-24,48.23,51.29,51.28
6,2020-12-23,48.12,51.20,49.61
7,2020-12-22,47.02,50.08,49.75
8,2020-12-21,47.74,50.91,50.26
9,2020-12-18,49.10,52.26,51.11
10,2020-12-17,48.36,51.50,51.46
11,2020-12-16,47.82,51.08,50.85
12,2020-12-15,47.62,50.76,50.17
13,2020-12-14,46.99,50.29,50.65
14,2020-12-11,46.57,49.97,50.47
15,2020-12-10,46.78,50.25,49.03
16,2020-12-09,45.52,48.86,49.14
17,2020-12-08,45.60,48.84,48.30
18,2020-12-07,45.76,48.79,48.29
19,2020-12-04,46.26,49.25,49.04
20,2020-12-03,45.64,48.71,48.06
21,2020-12-02,45.28,48.25,47.08
22,2020-12-01,44.55,47.42,47.59
1,2020-11-30,45.34,47.59,47.02
2,2020-11-27,45.53,48.18,47.13
3,2020-11-26,N.A,47.80,47.49
4,2020-11-25,45.71,48.61,47.87
5,2020-11-24,44.91,47.86,45.86
6,2020-11-23,43.06,46.06,45.61
7,2020-11-20,42.15,44.96,44.19
8,2020-11-19,41.74,44.20,44.00
9,2020-11-18,41.82,44.34,43.78
10,2020-11-17,41.43,43.75,43.87
11,2020-11-16,41.34,43.82,43.74
12,2020-11-13,40.13,42.78,43.15
13,2020-11-12,41.12,43.53,43.95
14,2020-11-11,41.45,43.80,44.44
15,2020-11-10,41.36,43.61,42.49
16,2020-11-09,40.29,42.40,40.34
17,2020-11-06,37.14,39.45,40.57
18,2020-11-05,38.79,40.93,40.69
19,2020-11-04,39.15,41.23,39.76
20,2020-11-03,37.66,39.71,39.52
21,2020-11-02,36.81,38.97,36.30
1,2020-10-30,35.79,37.46,37.18
2,2020-10-29,36.17,37.65,38.26
3,2020-10-28,37.39,39.12,39.27
4,2020-10-27,39.57,41.20,39.90
5,2020-10-26,38.56,40.46,39.84
6,2020-10-23,39.85,41.77,41.67
7,2020-10-22,40.64,42.46,41.36
8,2020-10-21,40.03,41.73,41.71
9,2020-10-20,41.46,43.16,41.58
10,2020-10-19,40.83,42.62,41.77
12,2020-10-15,40.96,43.16,42.01
13,2020-10-14,41.04,43.32,41.62
14,2020-10-13,40.20,42.45,41.19
15,2020-10-12,39.43,41.72,41.28
16,2020-10-09,40.60,42.85,42.06
17,2020-10-08,41.19,43.34,41.46
18,2020-10-07,39.95,41.99,41.24
19,2020-10-06,40.67,42.65,40.55
20,2020-10-05,39.22,41.29,39.27
21,2020-10-02,37.05,39.27,38.62
22,2020-10-01,38.72,40.93,41.12
1,2020-09-30,40.22,40.95,40.36
2,2020-09-29,39.29,41.03,41.87
3,2020-09-28,40.60,42.43,41.41
4,2020-09-25,40.25,41.92,41.98
5,2020-09-24,40.31,41.94,41.21
6,2020-09-23,39.93,41.77,41.38
7,2020-09-22,39.60,41.72,41.14
8,2020-09-21,39.31,41.44,41.63
9,2020-09-18,41.11,43.15,43.02
10,2020-09-17,40.97,43.30,41.67
11,2020-09-16,40.16,42.22,41.21
12,2020-09-15,38.28,40.53,39.24
13,2020-09-14,37.26,39.61,38.89
14,2020-09-11,37.33,39.83,39.27
15,2020-09-10,37.30,40.06,39.74
16,2020-09-09,38.05,40.49,39.49
17,2020-09-08,36.76,39.78,40.68
18,2020-09-07,N.A,42.01,41.42
19,2020-09-04,39.77,42.66,43.78
20,2020-09-03,41.37,44.07,43.43
21,2020-09-02,41.51,42.76,45.30
22,2020-09-01,42.76,45.58,45.11
1,2020-08-31,42.61,45.28,45.93
2,2020-08-28,42.97,45.05,44.12
3,2020-08-27,43.04,45.09,45.01
4,2020-08-26,43.39,45.64,44.83
5,2020-08-25,43.35,45.86,44.34
6,2020-08-24,42.62,45.13,43.78
7,2020-08-21,42.58,44.35,43.96
8,2020-08-20,42.58,44.90,43.89
9,2020-08-19,42.93,45.37,43.80
10,2020-08-18,N.A,45.46,44.46
11,2020-08-17,42.89,45.37,43.67
12,2020-08-14,42.01,44.80,43.44
13,2020-08-13,42.24,44.96,44.18
14,2020-08-12,42.67,45.43,43.63
15,2020-08-11,41.61,44.50,44.12
17,2020-08-07,41.22,44.40,43.88
18,2020-08-06,41.95,45.09,43.71
19,2020-08-05,42.19,45.17,43.76
20,2020-08-04,41.70,44.43,42.97
21,2020-08-03,41.01,44.15,42.48
2,2020-07-30,39.92,42.94,43.14
3,2020-07-29,41.27,43.75,43.27
4,2020-07-28,41.04,43.22,43.12
5,2020-07-27,41.60,43.41,43.13
6,2020-07-24,41.29,43.34,43.11
7,2020-07-23,41.07,43.31,44.42
8,2020-07-22,41.90,44.29,44.12
9,2020-07-21,41.96,44.32,43.87
10,2020-07-20,40.81,43.28,42.72
11,2020-07-17,40.59,43.14,42.86
12,2020-07-16,40.75,43.37,43.37
13,2020-07-15,41.20,43.79,44.18
14,2020-07-14,40.29,42.90,42.78
15,2020-07-13,40.10,42.72,43.38
17,2020-07-09,39.62,42.35,43.63
18,2020-07-08,40.90,43.29,43.34
19,2020-07-07,40.62,43.08,42.90
20,2020-07-06,40.63,43.10,43.66
21,2020-07-03,N.A,42.80,42.68
22,2020-07-02,40.65,43.14,42.85
23,2020-07-01,39.82,42.03,42.70
1,2020-06-30,39.27,41.15,42.07
2,2020-06-29,39.70,41.71,40.63
3,2020-06-26,38.49,41.02,42.02
4,2020-06-25,38.72,41.05,40.58
5,2020-06-24,38.01,40.31,42.49
6,2020-06-23,40.37,42.63,43.39
7,2020-06-22,40.46,43.08,42.32
8,2020-06-19,39.75,42.19,42.95
9,2020-06-18,38.84,41.51,41.09
10,2020-06-17,37.96,40.71,41.46
11,2020-06-16,38.38,40.96,40.29
12,2020-06-15,37.12,39.72,38.35
13,2020-06-12,36.26,38.73,38.42
14,2020-06-11,36.34,38.55,40.60
15,2020-06-10,39.60,41.73,40.91
16,2020-06-09,38.94,41.18,40.85
17,2020-06-08,38.19,40.80,42.94
18,2020-06-05,39.55,42.30,40.63
19,2020-06-04,37.41,39.99,38.82
20,2020-06-03,37.29,39.79,39.87
21,2020-06-02,36.81,39.57,38.93
22,2020-06-01,35.44,38.32,37.97
1,2020-05-29,35.49,35.33,34.86
2,2020-05-28,33.71,35.29,33.17
3,2020-05-27,32.81,34.74,34.48
4,2020-05-26,34.35,36.17,34.81
6,2020-05-22,33.25,35.13,32.62
7,2020-05-21,33.92,36.06,34.10
8,2020-05-20,33.49,35.75,32.95
9,2020-05-19,32.50,34.65,33.18
10,2020-05-18,31.82,34.81,32.90
11,2020-05-15,27.56,32.50,31.94
12,2020-05-14,27.56,31.13,29.83
13,2020-05-13,25.29,29.19,26.84
14,2020-05-12,25.78,29.98,26.93
15,2020-05-11,24.14,29.63,26.72
16,2020-05-08,24.74,30.97,25.92
18,2020-05-06,23.99,29.72,26.88
19,2020-05-05,24.56,30.97,26.00
20,2020-05-04,20.39,27.20,24.33
1,2020-04-30,18.84,25.27,20.73
2,2020-04-29,15.06,22.54,17.12
3,2020-04-28,12.34,20.46,16.63
4,2020-04-27,12.78,19.99,17.97
5,2020-04-24,16.94,21.44,18.17
6,2020-04-23,16.50,21.33,18.13
7,2020-04-22,13.78,20.37,13.52
8,2020-04-21,10.01,19.33,17.37
9,2020-04-20,-37.63,25.57,20.78
10,2020-04-17,18.27,28.08,20.61
11,2020-04-16,19.87,2.82,19.72
12,2020-04-15,19.87,27.69,19.68
13,2020-04-14,20.11,29.60,21.66
14,2020-04-13,22.41,31.74,22.31
15,2020-04-09,22.76,31.48,23.32
16,2020-04-08,25.09,32.84,23.52
17,2020-04-07,23.63,31.87,24.88
18,2020-04-06,26.08,33.05,24.87
19,2020-04-03,28.34,34.11,24.51
20,2020-04-02,25.32,29.94,21.55
21,2020-04-01,20.31,24.74,21.23
1,2020-03-31,20.48,22.74,23.43
2,2020-03-30,20.09,22.76,23.24
3,2020-03-27,21.51,24.93,25.04
4,2020-03-26,22.60,26.34,25.74
5,2020-03-25,24.49,27.39,27.05
6,2020-03-24,24.01,27.15,26.64
7,2020-03-23,23.36,27.03,24.60
8,2020-03-20,22.43,26.98,28.67
9,2020-03-19,25.22,28.47,25.82
10,2020-03-18,20.37,24.88,28.26
11,2020-03-17,26.95,28.73,30.83
12,2020-03-16,28.70,30.05,31.49
13,2020-03-13,31.73,33.85,33.93
14,2020-03-12,31.50,33.22,32.69
15,2020-03-11,32.98,35.79,34.58
16,2020-03-10,34.36,37.22,34.18
17,2020-03-09,31.13,34.36,32.87
18,2020-03-06,41.28,45.27,48.58
19,2020-03-05,45.90,49.99,50.78
20,2020-03-04,46.78,51.13,50.81
21,2020-03-03,47.18,51.86,51.72
22,2020-03-02,46.75,51.90,50.58
1,2020-02-28,44.76,50.52,49.05
2,2020-02-27,47.09,52.18,50.62
3,2020-02-26,48.73,53.43,52.28
4,2020-02-25,49.90,54.95,54.48
5,2020-02-24,51.43,56.30,54.64
6,2020-02-21,53.38,58.50,56.41f
7,2020-02-20,53.78,59.31,56.92
8,2020-02-19,53.29,59.12,56.39
9,2020-02-18,52.05,57.75,55.11
10,2020-02-17,N.A,57.67,55.98
11,2020-02-14,52.05,57.32,55.23
12,2020-02-13,51.42,56.34,54.54
13,2020-02-12,51.17,55.79,54.23
14,2020-02-11,49.94,54.01,53.03
15,2020-02-10,49.57,53.27,53.33
16,2020-02-07,50.32,54.47,54.37
17,2020-02-06,50.95,54.93,55.18
18,2020-02-05,50.75,55.28,53.57
19,2020-02-04,49.61,53.96,53.99
20,2020-02-03,50.11,54.45,55.23
1,2020-01-31,51.56,58.16,58.45
2,2020-01-30,52.14,58.29,57.76
3,2020-01-29,53.33,59.81,59.37
4,2020-01-28,53.48,59.51,58.57
5,2020-01-27,53.14,59.32,62.23
6,2020-01-24,54.19,60.69,62.23
7,2020-01-23,55.59,62.04,62.77
8,2020-01-22,56.74,63.21,64.26
9,2020-01-21,58.34,64.59,64.27
10,2020-01-20,N.A,65.20,65.24
11,2020-01-17,58.54,64.85,65.10
12,2020-01-16,58.52,64.62,64.74
13,2020-01-15,57.81,64.00,64.61
14,2020-01-14,58.23,64.49,64.78
15,2020-01-13,58.08,64.20,65.68
16,2020-01-10,59.04,64.98,65.93
17,2020-01-09,59.56,65.37,66.17
18,2020-01-08,59.61,65.44,69.24
19,2020-01-07,62.70,68.27,68.34
20,2020-01-06,63.27,68.91,69.65
21,2020-01-03,63.05,68.60,67.79
22,2020-01-02,61.18,66.25,65.69
1,2019-12-31,61.06,66.00,67.27
2,2019-12-30,61.68,68.44,67.81
3,2019-12-27,61.72,68.16,67.88
4,2019-12-26,61.68,67.92,67.48
5,2019-12-24,61.11,67.20,66.77
6,2019-12-23,60.52,66.39,66.21
7,2019-12-20,60.44,66.14,66.87
8,2019-12-19,61.22,66.54,66.48
9,2019-12-18,60.93,66.17,66.14
10,2019-12-17,60.94,66.10,65.62
11,2019-12-16,60.21,65.34,65.54
12,2019-12-13,60.07,65.22,64.92
13,2019-12-12,59.18,64.20,64.01
14,2019-12-11,58.76,63.72,63.78
15,2019-12-10,59.24,64.34,63.84
16,2019-12-09,59.02,64.25,63.74
17,2019-12-06,59.20,64.39,63.02
18,2019-12-05,58.43,63.39,62.73
19,2019-12-04,58.43,63.00,61.11
20,2019-12-03,56.10,60.82,60.98
21,2019-12-02,55.96,60.92,60.83
1,2019-11-29,55.17,62.43,63.83
2,2019-11-28,N.A,63.87,63.33
3,2019-11-27,58.11,64.06,63.69
4,2019-11-26,58.41,64.27,63.10
5,2019-11-25,58.01,63.65,63.43
6,2019-11-22,57.77,63.39,63.74
7,2019-11-21,58.58,63.97,62.13
8,2019-11-20,57.11,62.40,60.45
9,2019-11-19,55.21,60.91,61.86
10,2019-11-18,57.05,62.44,62.84
11,2019-11-15,57.72,63.30,61.93
12,2019-11-14,56.77,62.28,62.47
13,2019-11-13,57.12,62.37,61.48
14,2019-11-12,56.80,62.06,62.16
15,2019-11-11,56.86,62.18,61.15
16,2019-11-08,57.24,62.51,60.88
17,2019-11-07,57.15,62.29,61.13
18,2019-11-06,56.35,61.74,61.49
19,2019-11-05,57.23,62.96,61.34
20,2019-11-04,56.54,62.13,60.74
21,2019-11-01,56.20,61.69,58.72
1,2019-10-31,54.18,60.23,61.10
2,2019-10-30,55.06,60.61,61.32
3,2019-10-29,55.54,61.59,61.00
5,2019-10-25,56.66,62.02,61.46
6,2019-10-24,56.23,61.67,61.04
7,2019-10-23,55.97,61.17,59.67
8,2019-10-22,54.16,59.70,58.95
9,2019-10-21,53.31,58.96,59.38
10,2019-10-18,53.78,59.42,59.70
11,2019-10-17,53.93,59.91,59.23
12,2019-10-16,53.36,59.42,58.80
13,2019-10-15,52.81,58.74,59.42
14,2019-10-14,53.59,59.35,60.03
15,2019-10-11,54.70,60.51,60.44
16,2019-10-10,53.55,59.10,57.77
17,2019-10-09,52.59,58.32,57.72
18,2019-10-08,52.63,58.24,58.03
19,2019-10-07,52.75,58.35,58.24
20,2019-10-04,52.81,58.37,57.84
21,2019-10-03,52.45,57.71,57.44
22,2019-10-02,52.64,57.69,58.67
23,2019-10-01,53.62,58.89,59.22
1,2019-09-30,54.07,60.78,60.94
2,2019-09-27,55.91,61.91,62.07
3,2019-09-26,56.41,62.74,61.73
4,2019-09-25,56.49,62.39,61.57
5,2019-09-24,57.29,63.10,63.46
6,2019-09-23,58.64,64.77,63.59
7,2019-09-20,58.09,64.28,64.28
8,2019-09-19,58.13,64.40,63.23
9,2019-09-18,58.11,63.60,63.30
10,2019-09-17,59.34,64.55,67.53
11,2019-09-16,62.90,69.02,63.88
12,2019-09-13,54.85,60.22,58.36
13,2019-09-12,55.09,60.38,59.32
14,2019-09-11,55.75,60.81,60.89
15,2019-09-10,57.40,62.38,60.89
16,2019-09-09,57.85,62.59,60.12
17,2019-09-06,56.52,61.54,59.23
18,2019-09-05,56.30,60.95,58.53
19,2019-09-04,56.26,60.70,56.72
20,2019-09-03,53.94,58.26,56.48
21,2019-09-02,N.A,58.66,57.62
1,2019-08-30,55.10,60.43,59.62
2,2019-08-29,56.71,61.08,59.32
3,2019-08-28,55.78,60.49,58.99
4,2019-08-27,54.93,59.51,58.07
5,2019-08-26,53.64,58.70,58.59
6,2019-08-23,54.17,59.34,59.43
7,2019-08-22,55.35,59.92,60.29
8,2019-08-21,55.68,60.30,60.09
9,2019-08-20,56.34,60.03,59.24
10,2019-08-19,56.21,59.74,58.40
11,2019-08-16,54.87,58.64,58.20
12,2019-08-15,54.47,58.23,58.33
13,2019-08-14,55.23,59.48,59.66
14,2019-08-13,57.10,61.30,57.76
17,2019-08-08,52.54,57.38,56.83
18,2019-08-07,51.09,56.23,57.89
19,2019-08-06,53.63,58.94,58.75
20,2019-08-05,54.69,59.81,59.68
21,2019-08-02,55.66,61.89,60.33
22,2019-08-01,53.95,60.50,63.05
1,2019-07-31,58.58,65.17,64.57
2,2019-07-30,58.05,64.72,63.63
3,2019-07-29,56.87,63.71,62.53
4,2019-07-26,56.20,63.46,62.83
5,2019-07-25,56.02,63.39,63.03
6,2019-07-24,55.88,63.18,63.21
7,2019-07-23,56.77,63.83,62.11
8,2019-07-22,56.22,63.26,62.74
9,2019-07-19,55.63,62.47,61.55
10,2019-07-18,55.30,61.93,62.14
11,2019-07-17,56.78,63.66,63.23
12,2019-07-16,57.62,64.35,64.58
13,2019-07-15,59.58,66.48,65.22
14,2019-07-12,60.21,66.72,65.88
15,2019-07-11,60.20,66.52,65.95
16,2019-07-10,60.43,67.01,63.90
17,2019-07-09,57.83,64.16,62.63
18,2019-07-08,57.66,64.11,63.32
19,2019-07-05,57.51,64.23,61.62
20,2019-07-04,N.A,63.30,61.75
21,2019-07-03,57.34,63.82,60.62
22,2019-07-02,56.25,62.40,63.43
23,2019-07-01,59.09,65.06,64.92
1,2019-06-28,58.47,N.A,64.88
2,2019-06-27,59.43,66.55,64.42
3,2019-06-26,59.38,66.49,64.29
4,2019-06-25,57.83,65.05,63.38
5,2019-06-24,57.90,64.86,64.02
6,2019-06-21,57.43,65.20,64.22
7,2019-06-20,56.65,64.45,62.61
8,2019-06-19,53.76,61.82,61.22
9,2019-06-18,53.90,62.14,59.92
10,2019-06-17,51.93,60.94,60.74
11,2019-06-14,52.51,62.01,59.90
12,2019-06-13,52.28,61.31,60.28
13,2019-06-12,51.14,59.97,59.90
14,2019-06-11,53.27,62.29,61.28
15,2019-06-10,53.26,62.29,61.92
16,2019-06-07,53.99,63.29,61.20
17,2019-06-06,52.59,61.67,59.37
19,2019-06-04,53.48,61.97,60.03
20,2019-06-03,53.25,61.28,60.17
1,2019-05-31,53.50,64.49,63.83
2,2019-05-30,56.59,66.87,67.12
3,2019-05-29,58.81,69.45,67.13
4,2019-05-28,59.14,70.11,68.31
5,2019-05-27,N.A,70.11,66.88
6,2019-05-24,58.63,68.69,66.73
7,2019-05-23,57.91,67.76,69.22
8,2019-05-22,61.42,70.99,71.23
9,2019-05-21,62.99,72.18,71.64
11,2019-05-17,62.76,72.21,72.46
12,2019-05-16,62.87,72.62,72.04
13,2019-05-15,62.02,71.77,70.46
14,2019-05-14,61.78,71.24,69.70
15,2019-05-13,61.04,70.23,70.97
16,2019-05-10,61.66,70.62,70.10
17,2019-05-09,61.70,70.39,69.09
18,2019-05-08,62.12,70.37,69.28
19,2019-05-07,61.40,69.88,70.29
20,2019-05-06,62.25,71.24,69.22
21,2019-05-03,61.94,70.85,69.93
22,2019-05-02,61.81,70.75,71.43
1,2019-04-30,63.91,71.63,72.80
2,2019-04-29,63.50,72.04,71.09
3,2019-04-26,63.30,72.15,73.45
4,2019-04-25,65.21,74.35,74.46
5,2019-04-24,65.89,74.57,73.67
6,2019-04-23,66.30,74.51,73.77
7,2019-04-22,65.70,74.04,73.36
8,2019-04-18,64.00,71.97,71.07
9,2019-04-17,63.76,71.62,71.33
10,2019-04-16,64.05,71.72,70.21
11,2019-04-15,63.40,71.18,70.32
12,2019-04-12,63.89,71.55,70.10
13,2019-04-11,63.58,70.83,70.52
14,2019-04-10,64.61,71.73,70.08
15,2019-04-09,63.98,70.61,70.53
16,2019-04-08,64.40,71.10,70.29
17,2019-04-05,63.08,70.34,68.82
18,2019-04-04,62.10,69.40,68.67
19,2019-04-03,62.46,69.31,69.43
20,2019-04-02,62.58,69.37,68.81
21,2019-04-01,61.59,69.01,68.23
1,2019-03-29,60.14,68.39,67.23
2,2019-03-28,59.30,67.82,66.56
3,2019-03-27,59.41,67.83,67.37
4,2019-03-26,59.94,67.97,67.17
5,2019-03-25,58.82,67.21,66.34
6,2019-03-22,59.04,67.03,67.46
7,2019-03-21,59.98,67.86,68.23
8,2019-03-20,59.83,68.50,67.67
9,2019-03-19,59.03,67.61,67.63
10,2019-03-18,59.09,67.54,67.32
11,2019-03-15,58.52,67.16,67.71
12,2019-03-14,58.61,67.23,68.17
13,2019-03-13,58.26,67.55,67.22
14,2019-03-12,56.87,66.67,67.15
15,2019-03-11,56.79,66.58,66.81
16,2019-03-08,56.07,65.74,65.77
17,2019-03-07,56.66,66.30,66.47
18,2019-03-06,56.22,65.99,65.85
19,2019-03-05,56.56,65.86,65.73
20,2019-03-04,56.59,65.67,65.36
21,2019-03-01,55.80,65.07,66.56
1,2019-02-27,55.50,65.21,64.56
2,2019-02-26,55.50,65.21,64.56
3,2019-02-25,55.48,64.76,66.84
4,2019-02-22,57.26,67.12,67.22
5,2019-02-21,56.96,67.07,67.12
6,2019-02-20,56.92,67.08,66.38
7,2019-02-19,56.09,66.45,66.48
8,2019-02-18,N.A,66.50,66.73
9,2019-02-15,55.59,66.25,65.12
10,2019-02-14,54.41,64.57,65.32
11,2019-02-13,53.90,63.61,63.34
12,2019-02-12,53.10,62.42,62.23
13,2019-02-11,52.41,61.51,62.02
14,2019-02-08,52.72,62.10,61.62
15,2019-02-07,52.64,61.63,62.51
18,2019-02-04,54.56,62.51,62.93
19,2019-02-01,55.26,62.75,60.87
1,2019-01-31,53.79,61.89,61.82
2,2019-01-30,54.23,61.65,60.93
3,2019-01-29,53.31,61.32,59.44
4,2019-01-28,51.99,59.93,60.32
5,2019-01-25,53.69,61.64,61.16
6,2019-01-24,53.13,61.09,60.41
7,2019-01-23,52.62,61.14,61.23
8,2019-01-22,52.57,61.50,61.43
9,2019-01-21,N.A,62.74,61.88
10,2019-01-18,53.80,62.70,61.12
11,2019-01-17,52.07,61.18,60.03
12,2019-01-16,52.31,61.32,60.15
13,2019-01-15,52.11,60.64,58.63
14,2019-01-14,50.51,58.99,58.92
15,2019-01-11,51.59,60.48,61.16
16,2019-01-10,52.59,61.68,59.60
17,2019-01-09,52.36,61.44,58.07
18,2019-01-08,49.78,58.72,56.18
19,2019-01-07,48.52,57.33,56.79
20,2019-01-04,47.96,57.06,55.59
21,2019-01-03,47.09,55.95,53.20
22,2019-01-02,46.54,54.91,51.86
2,2018-12-28,45.33,52.20,52.86
3,2018-12-27,44.61,52.16,53.07
4,2018-12-26,46.22,54.47,49.52
6,2018-12-21,45.59,53.82,53.51
7,2018-12-20,45.88,54.35,54.47
8,2018-12-19,47.20,57.24,55.05
9,2018-12-18,46.24,56.26,57.21
10,2018-12-17,49.88,59.61,58.92
11,2018-12-14,51.20,60.28,59.67
12,2018-12-13,52.58,61.45,58.81
13,2018-12-12,51.15,60.15,59.23
14,2018-12-11,51.65,60.20,58.37
15,2018-12-10,51.00,59.97,60.22
16,2018-12-07,52.61,61.67,58.39
17,2018-12-06,51.49,60.06,59.85
18,2018-12-05,52.89,61.56,59.81
19,2018-12-04,53.25,62.08,61.54
20,2018-12-03,52.95,61.69,61.19
1,2018-11-30,50.93,58.71,59.02
2,2018-11-29,51.45,59.51,58.30
3,2018-11-28,50.29,58.76,60.18
4,2018-11-27,51.56,60.21,59.07
5,2018-11-26,51.63,60.48,59.13
6,2018-11-23,50.42,58.80,61.08
7,2018-11-22,N.A,62.60,62.44
8,2018-11-21,54.63,63.48,62.65
9,2018-11-20,53.43,62.53,65.51
10,2018-11-19,56.76,66.79,66.17
11,2018-11-16,56.46,66.76,66.49
12,2018-11-15,56.46,66.62,65.39
13,2018-11-14,56.25,66.12,64.46
14,2018-11-13,55.69,65.47,68.48
15,2018-11-12,59.93,70.12,70.59
16,2018-11-09,60.19,70.18,69.36
17,2018-11-08,60.67,70.65,71.54
18,2018-11-07,61.67,72.07,70.64
20,2018-11-05,63.10,73.17,71.20
21,2018-11-02,63.14,72.83,71.67
22,2018-11-01,63.69,72.89,73.38
1,2018-10-31,65.31,75.47,75.66
2,2018-10-30,66.18,75.91,76.18
3,2018-10-29,67.04,77.34,76.01
4,2018-10-26,67.59,77.62,75.42
5,2018-10-25,67.33,76.89,74.96
6,2018-10-24,66.82,76.17,74.42
7,2018-10-23,66.43,76.44,77.83
8,2018-10-22,69.17,79.83,78.78
9,2018-10-19,69.12,79.78,77.88
10,2018-10-18,68.65,79.29,78.43
11,2018-10-17,69.75,80.05,80.23
12,2018-10-16,71.92,81.41,78.83
13,2018-10-15,71.78,80.78,79.30
14,2018-10-12,71.34,80.43,79.36
15,2018-10-11,70.97,80.26,80.66
16,2018-10-10,73.17,83.09,83.04
17,2018-10-09,74.96,85.00,82.80
18,2018-10-08,74.29,83.91,81.61
19,2018-10-05,74.34,84.16,83.20
20,2018-10-04,74.33,84.58,84.44
21,2018-10-03,76.41,86.29,83.29
22,2018-10-02,75.23,84.80,82.88
23,2018-10-01,75.30,84.98,80.83
1,2018-09-28,73.25,82.72,80.03
2,2018-09-27,72.12,81.72,80.36
3,2018-09-26,71.57,81.34,80.04
4,2018-09-25,72.28,81.87,79.69
5,2018-09-24,72.08,81.20,78.45
6,2018-09-21,70.78,78.80,77.35
7,2018-09-20,70.80,78.70,77.53
8,2018-09-19,71.12,79.40,77.02
9,2018-09-18,69.85,79.03,75.85
10,2018-09-17,68.91,78.05,76.43
11,2018-09-14,68.99,78.09,76.31
12,2018-09-13,68.59,78.18,77.20
13,2018-09-12,70.37,79.74,77.45
14,2018-09-11,69.25,79.06,76.22
15,2018-09-10,67.54,77.37,75.83
16,2018-09-07,67.75,76.83,74.73
17,2018-09-06,67.77,76.50,75.31
18,2018-09-05,68.72,77.27,75.83
19,2018-09-04,69.87,78.17,76.88
20,2018-09-03,N.A,78.15,76.18
1,2018-08-31,69.80,77.42,75.85
2,2018-08-30,70.25,77.77,75.76
3,2018-08-29,69.51,77.14,74.34
4,2018-08-28,68.53,75.95,75.02
5,2018-08-27,68.87,76.21,74.41
6,2018-08-24,68.72,75.82,74.00
7,2018-08-23,67.83,74.73,73.14
9,2018-08-21,67.35,72.63,71.11
10,2018-08-20,66.43,72.21,70.81
11,2018-08-17,65.91,71.83,70.38
12,2018-08-16,65.46,71.43,69.60
13,2018-08-15,65.01,70.76,70.66
14,2018-08-14,67.04,72.46,71.79
15,2018-08-13,67.20,72.61,71.25
16,2018-08-10,67.63,72.81,70.55
18,2018-08-08,66.94,72.28,73.28
19,2018-08-07,69.17,74.65,72.65
20,2018-08-06,69.01,73.75,72.11
21,2018-08-03,68.49,73.21,71.93
22,2018-08-02,68.96,73.45,71.14
23,2018-08-01,67.66,72.39,72.42
1,2018-07-31,68.76,74.25,73.69
2,2018-07-30,70.13,74.97,73.38
3,2018-07-27,68.69,74.29,73.42
4,2018-07-26,69.61,74.54,73.41
5,2018-07-25,69.30,73.93,72.49
6,2018-07-24,68.52,73.44,71.59
7,2018-07-23,67.89,73.06,71.50
8,2018-07-20,70.46,73.07,71.52
9,2018-07-19,69.46,72.58,70.41
10,2018-07-18,68.76,72.90,69.68
11,2018-07-17,68.08,72.16,70.36
12,2018-07-16,68.06,71.84,72.95
13,2018-07-13,71.01,75.33,71.65
14,2018-07-12,70.33,74.45,72.56
15,2018-07-11,70.38,73.40,74.75
16,2018-07-10,74.11,78.86,76.00
17,2018-07-09,73.85,78.07,74.67
18,2018-07-06,73.80,77.11,74.18
19,2018-07-05,72.94,77.39,74.92
20,2018-07-04,N.A,78.24,75.07
21,2018-07-03,74.14,77.76,74.77
22,2018-07-02,73.94,77.30,75.57
1,2018-06-29,74.15,79.44,74.15
2,2018-06-28,73.45,77.85,75.19
3,2018-06-27,72.76,77.62,74.36
4,2018-06-26,70.53,76.31,73.03
5,2018-06-25,68.08,74.73,72.81
6,2018-06-22,68.58,75.55,71.77
7,2018-06-21,65.54,73.05,71.25
8,2018-06-20,66.22,74.74,72.65
9,2018-06-19,65.07,75.08,72.07
10,2018-06-18,65.85,75.34,70.97
12,2018-06-14,66.89,75.94,74.31
13,2018-06-13,66.64,76.74,73.48
14,2018-06-12,66.36,75.88,74.75
15,2018-06-11,66.10,76.46,74.36
16,2018-06-08,65.74,76.46,74.87
17,2018-06-07,65.95,77.32,73.58
18,2018-06-06,64.73,75.36,73.75
19,2018-06-05,65.52,75.38,73.61
20,2018-06-04,64.75,75.29,74.40
21,2018-06-01,65.81,76.79,75.11
1,2018-05-31,67.04,77.59,75.45
2,2018-05-30,68.21,77.50,73.53
4,2018-05-28,N.A,75.30,73.24
5,2018-05-25,67.88,76.44,75.78
6,2018-05-24,70.71,78.79,77.03
7,2018-05-23,71.84,79.80,76.65
8,2018-05-22,72.13,79.57,77.28
9,2018-05-21,72.24,79.22,76.43
10,2018-05-18,71.28,78.51,77.06
11,2018-05-17,71.49,79.30,76.67
12,2018-05-16,71.49,79.28,75.10
13,2018-05-15,71.31,78.43,75.30
14,2018-05-14,70.96,78.23,73.77
15,2018-05-11,70.70,77.12,74.46
16,2018-05-10,71.36,77.47,74.73
17,2018-05-09,71.14,77.21,73.93
18,2018-05-08,69.06,74.85,72.48
19,2018-05-07,70.73,76.17,72.46
20,2018-05-04,69.72,74.87,70.47
21,2018-05-03,68.43,73.62,70.54
22,2018-05-02,67.93,73.36,70.25
1,2018-03-29,64.94,70.27,65.33
2,2018-03-28,64.38,69.53,65.24
3,2018-03-27,65.25,70.11,65.83
4,2018-03-26,65.55,70.12,65.97
5,2018-03-23,65.88,70.45,65.33
6,2018-03-22,64.30,68.91,65.44
7,2018-03-21,65.17,69.47,63.89
8,2018-03-20,63.40,67.42,62.98
9,2018-03-19,62.06,66.05,62.48
10,2018-03-16,62.34,66.21,61.74
11,2018-03-15,61.19,65.12,61.45
12,2018-03-14,60.96,64.89,61.23
13,2018-03-13,60.71,64.64,61.25
14,2018-03-12,61.36,64.95,61.71
15,2018-03-09,62.04,65.49,60.28
16,2018-03-08,60.12,63.61,60.80
17,2018-03-07,61.15,64.34,61.61
18,2018-03-06,62.60,65.79,62.04
19,2018-03-05,62.57,65.54,61.32
20,2018-03-02,61.25,64.37,60.28
21,2018-03-01,60.99,63.83,61.42
1,2018-02-28,61.64,65.78,61.42
2,2018-02-27,63.01,66.63,64.02
3,2018-02-26,63.91,67.50,63.90
4,2018-02-23,63.55,67.31,62.77
5,2018-02-22,62.77,66.39,61.60
6,2018-02-21,61.68,65.42,61.30
7,2018-02-20,61.90,65.25,62.05
8,2018-02-19,N.A,65.67,61.77
10,2018-02-15,61.34,64.33,61.67
11,2018-02-14,60.60,64.36,59.40
12,2018-02-13,59.19,62.72,59.84
13,2018-02-12,59.29,62.59,60.29
14,2018-02-09,59.20,62.79,61.12
15,2018-02-08,61.15,64.81,62.26
16,2018-02-07,61.79,65.51,64.05
17,2018-02-06,63.39,66.86,64.25
18,2018-02-05,64.15,67.62,65.07
19,2018-02-02,65.45,68.58,67.02
20,2018-02-01,65.80,69.65,66.12
1,2018-01-31,64.73,69.05,65.77
2,2018-01-30,64.50,69.02,66.38
3,2018-01-29,65.56,69.46,67.55
4,2018-01-26,66.14,70.52,67.40
5,2018-01-25,65.51,70.42,67.98
6,2018-01-24,65.61,70.53,66.86
7,2018-01-23,64.47,69.96,66.49
8,2018-01-22,63.49,69.03,66.09
9,2018-01-19,63.37,68.61,65.95
10,2018-01-18,63.95,69.31,66.42
11,2018-01-17,63.97,69.38,66.27
12,2018-01-16,63.73,69.15,67.09
13,2018-01-15,N.A,70.26,67.03
14,2018-01-12,64.30,69.87,66.29
15,2018-01-11,63.80,69.26,66.50
16,2018-01-10,63.57,69.20,66.59
17,2018-01-09,62.96,68.82,65.51
18,2018-01-08,61.73,67.78,65.04
19,2018-01-05,61.44,67.62,65.33
20,2018-01-04,62.01,68.07,65.35
21,2018-01-03,61.63,67.84,64.15
22,2018-01-02,60.37,66.57,64.37
1,2017-12-29,60.42,66.87,64.33
2,2017-12-28,59.84,66.72,63.85
3,2017-12-27,59.64,66.44,63.94
4,2017-12-26,59.97,67.02,62.61
5,2017-12-22,58.47,65.25,62.37
6,2017-12-21,58.36,64.90,62.17
7,2017-12-20,58.09,64.56,61.60
8,2017-12-19,57.46,63.80,61.40
9,2017-12-18,57.16,63.41,61.28
10,2017-12-15,57.30,63.23,61.18
11,2017-12-14,57.04,63.31,60.23
12,2017-12-13,56.60,62.44,61.33
13,2017-12-12,57.14,63.34,62.52
14,2017-12-11,57.99,64.69,60.96
15,2017-12-08,57.36,63.40,60.26
16,2017-12-07,56.69,62.20,59.43
17,2017-12-06,55.96,61.22,60.72
18,2017-12-05,57.62,62.86,60.22
19,2017-12-04,57.47,62.45,60.99
20,2017-12-01,58.36,63.73,60.80
1,2017-11-30,57.40,63.57,60.82
2,2017-11-29,57.30,63.11,60.97
3,2017-11-28,57.99,63.61,61.25
4,2017-11-27,58.11,63.84,61.50
5,2017-11-24,58.95,63.86,61.62
6,2017-11-23,N.A,63.55,61.13
7,2017-11-22,58.02,63.32,61.12
8,2017-11-21,56.83,62.57,60.48
9,2017-11-20,56.09,62.22,60.68
10,2017-11-17,56.55,62.72,59.66
11,2017-11-16,55.14,61.36,60.29
12,2017-11-15,55.33,61.87,60.04
13,2017-11-14,55.70,62.21,61.25
14,2017-11-13,56.76,63.16,61.63
15,2017-11-10,56.74,63.52,62.06
16,2017-11-09,57.17,63.93,61.61
17,2017-11-08,56.81,63.49,61.80
18,2017-11-07,57.20,63.69,62.39
19,2017-11-06,57.35,64.27,60.58
20,2017-11-03,55.64,62.07,58.93
21,2017-11-02,54.54,60.62,58.58
22,2017-11-01,54.30,60.49,59.61
1,2017-10-31,54.38,61.37,58.32
2,2017-10-30,54.15,60.90,58.33
3,2017-10-27,53.90,60.44,57.00
4,2017-10-26,52.64,59.30,56.21
5,2017-10-25,52.18,58.44,56.20
6,2017-10-24,52.47,58.33,55.28
7,2017-10-23,51.90,57.37,55.85
8,2017-10-20,51.47,57.75,55.13
9,2017-10-19,51.29,57.23,55.51
11,2017-10-17,51.88,57.88,56.33
12,2017-10-16,51.87,57.82,55.98
13,2017-10-13,51.45,57.17,55.40
14,2017-10-12,50.60,56.25,54.97
15,2017-10-11,51.30,56.94,54.78
16,2017-10-10,50.92,56.61,54.08
17,2017-10-09,49.58,55.79,53.76
18,2017-10-06,49.29,55.62,55.27
19,2017-10-05,50.79,57.00,54.35
20,2017-10-04,49.98,55.80,53.92
21,2017-10-03,50.42,56.00,54.45
22,2017-10-02,50.58,56.12,55.16
1,2017-09-29,51.67,57.54,55.19
2,2017-09-28,51.56,57.41,55.55
3,2017-09-27,52.14,57.90,55.65
4,2017-09-26,51.88,58.44,56.15
5,2017-09-25,52.22,59.02,54.83
6,2017-09-22,50.66,56.86,54.66
7,2017-09-21,50.55,56.43,54.65
8,2017-09-20,50.41,56.29,53.93
9,2017-09-19,49.48,55.14,54.07
10,2017-09-18,49.91,55.48,54.19
11,2017-09-15,49.89,55.62,53.64
12,2017-09-14,49.89,55.47,53.57
13,2017-09-13,49.30,55.16,52.87
14,2017-09-12,48.23,54.27,52.17
15,2017-09-11,48.07,53.84,52.14
16,2017-09-08,47.48,53.78,53.18
17,2017-09-07,49.09,54.49,52.99
18,2017-09-06,49.16,54.20,52.14
19,2017-09-05,48.66,53.38,51.02
20,2017-09-04,N.A,52.34,50.60
1,2017-08-31,47.23,52.38,49.26
2,2017-08-30,45.96,50.86,49.93
3,2017-08-29,46.44,52.00,50.10
4,2017-08-28,46.57,51.89,50.55
5,2017-08-25,47.87,52.41,50.56
6,2017-08-24,47.43,52.04,50.55
7,2017-08-23,48.41,52.57,49.93
8,2017-08-22,47.64,51.87,49.97
9,2017-08-21,47.37,51.66,50.72
10,2017-08-18,48.51,52.72,49.26
11,2017-08-17,47.09,51.03,48.65
12,2017-08-16,46.78,50.27,49.53
13,2017-08-15,47.55,50.80,49.26
14,2017-08-14,47.59,50.73,50.36
15,2017-08-11,48.82,52.10,49.86
16,2017-08-10,48.59,51.90,51.62
18,2017-08-08,49.17,52.14,51.24
19,2017-08-07,49.39,52.37,50.80
20,2017-08-04,49.58,52.42,50.36
21,2017-08-03,49.03,52.01,50.83
22,2017-08-02,49.59,52.36,50.29
23,2017-08-01,49.16,51.78,51.22
1,2017-07-31,50.17,52.65,50.38
2,2017-07-28,49.71,52.52,49.72
3,2017-07-27,49.04,51.49,49.35
4,2017-07-26,48.75,50.97,49.05
5,2017-07-25,47.89,50.20,47.30
6,2017-07-24,46.34,48.60,46.51
7,2017-07-21,45.77,48.06,48.17
8,2017-07-20,46.79,49.30,48.33
9,2017-07-19,47.12,49.70,47.41
10,2017-07-18,46.40,48.84,47.20
11,2017-07-17,46.02,48.42,47.65
12,2017-07-14,46.54,48.91,46.99
13,2017-07-13,46.08,48.42,46.10
14,2017-07-12,45.49,47.74,46.82
15,2017-07-11,45.04,47.52,45.27
16,2017-07-10,44.40,46.88,45.24
17,2017-07-07,44.23,46.71,46.05
18,2017-07-06,45.52,48.11,47.07
19,2017-07-05,45.13,47.79,48.34
20,2017-07-04,N.A,49.61,48.43
21,2017-07-03,47.07,49.68,47.62
1,2017-06-30,46.04,47.92,46.47
2,2017-06-29,44.93,47.42,46.36
3,2017-06-28,44.74,47.31,45.30
4,2017-06-27,44.24,46.65,45.03
6,2017-06-23,43.01,45.54,44.17
7,2017-06-22,42.74,45.22,43.50
8,2017-06-21,42.53,44.82,44.32
9,2017-06-20,43.23,46.02,45.62
10,2017-06-19,44.20,46.91,45.68
11,2017-06-16,44.74,47.37,45.88
12,2017-06-15,44.46,46.92,45.37
13,2017-06-14,44.73,47.00,46.84
14,2017-06-13,46.46,48.72,47.30
15,2017-06-12,46.08,48.29,47.02
16,2017-06-09,45.83,48.15,46.46
17,2017-06-08,45.64,47.86,47.07
18,2017-06-07,45.72,48.06,48.42
19,2017-06-06,48.19,50.12,47.89
21,2017-06-02,47.66,49.95,48.34
22,2017-06-01,48.36,50.63,50.16
1,2017-05-31,48.32,50.31,50.09
2,2017-05-30,49.66,51.84,50.48
3,2017-05-29,N.A,52.29,50.65
4,2017-05-26,49.80,52.15,50.42
5,2017-05-25,48.90,51.46,52.78
6,2017-05-24,51.36,53.96,53.10
7,2017-05-23,51.47,54.15,52.31
8,2017-05-22,50.73,53.87,52.79
9,2017-05-19,50.33,53.61,51.96
10,2017-05-18,49.35,52.51,51.00
11,2017-05-17,49.07,52.21,50.42
12,2017-05-16,48.66,51.65,51.09
13,2017-05-15,48.85,51.82,50.82
14,2017-05-12,47.84,50.84,49.46
15,2017-05-11,47.83,50.77,49.64
17,2017-05-09,45.88,48.73,48.38
19,2017-05-05,46.22,49.10,47.97
21,2017-05-03,47.82,50.79,49.68
1,2017-04-28,49.33,51.73,50.16
2,2017-04-27,48.97,51.44,50.02
3,2017-04-26,49.62,51.82,50.57
4,2017-04-25,49.56,52.10,50.13
5,2017-04-24,49.23,51.60,50.94
6,2017-04-21,49.62,51.96,51.36
7,2017-04-20,50.27,52.99,51.46
8,2017-04-19,50.44,52.93,53.04
9,2017-04-18,52.41,54.89,53.12
10,2017-04-17,52.65,55.36,53.49
11,2017-04-13,53.18,55.89,54.16
12,2017-04-12,53.11,55.86,54.61
13,2017-04-11,53.40,56.23,54.33
14,2017-04-10,53.08,55.98,53.88
15,2017-04-07,52.24,55.24,53.94
16,2017-04-06,51.70,54.89,52.64
17,2017-04-05,51.15,54.36,52.99
18,2017-04-04,51.03,54.17,51.10
19,2017-04-03,50.24,53.12,51.67
1,2017-03-31,50.60,52.83,50.78
2,2017-03-30,50.35,52.96,50.71
3,2017-03-29,49.51,52.42,50.14
4,2017-03-28,48.37,51.33,49.23
5,2017-03-27,47.73,50.75,48.84
6,2017-03-24,47.97,50.80,48.97
7,2017-03-23,47.70,50.56,49.17
8,2017-03-22,48.04,50.64,49.02
9,2017-03-21,47.34,50.96,50.42
10,2017-03-20,48.22,51.62,50.05
11,2017-03-17,48.78,51.76,50.13
12,2017-03-16,48.75,51.74,50.64
13,2017-03-15,48.86,51.81,50.01
14,2017-03-14,47.72,50.92,49.82
15,2017-03-13,48.40,51.35,50.04
16,2017-03-10,48.49,51.37,51.16
17,2017-03-09,49.28,52.19,52.52
18,2017-03-08,50.28,53.11,54.02
19,2017-03-07,53.14,55.92,54.44
20,2017-03-06,53.20,56.01,53.85
21,2017-03-03,53.33,55.90,53.68
22,2017-03-02,52.61,55.08,54.85
23,2017-03-01,53.83,56.36,55.13
2,2017-02-27,54.05,55.93,55.18
3,2017-02-24,53.99,55.99,54.70
4,2017-02-23,54.45,56.58,54.75
5,2017-02-22,53.59,55.84,54.68
6,2017-02-21,54.06,56.66,54.64
7,2017-02-20,N.A,56.18,54.46
8,2017-02-17,53.40,55.81,54.06
9,2017-02-16,53.36,55.65,53.95
10,2017-02-15,53.11,55.75,54.00
11,2017-02-14,53.20,55.97,54.14
12,2017-02-13,52.93,55.59,54.76
13,2017-02-10,53.86,56.70,53.78
14,2017-02-09,53.00,55.63,53.79
15,2017-02-08,52.34,55.12,53.35
16,2017-02-07,52.17,55.05,54.17
17,2017-02-06,53.01,55.72,55.31
18,2017-02-03,53.83,56.81,55.45
19,2017-02-02,53.54,56.56,54.94
20,2017-02-01,53.88,56.80,53.22
